date,workflow,job,variant,kind,name,runs,median_seconds,max_seconds
2026-10-06,ci.yml,bench,,job,,63,197,251
2026-10-06,ci.yml,bench,,step,Build QEMU if the cache missed,63,2,23
2026-10-06,ci.yml,bench,,step,Cache QEMU,63,3,4
2026-10-06,ci.yml,bench,,step,Check the job's wall time against its budget,63,0,1
2026-10-06,ci.yml,bench,,step,Complete job,63,0,1
2026-10-06,ci.yml,bench,,step,Post Cache QEMU,63,0,1
2026-10-06,ci.yml,bench,,step,Post Run Swatinem/rust-cache@v2,63,3,5
2026-10-06,ci.yml,bench,,step,Post Run actions/checkout@v7,63,0,1
2026-10-06,ci.yml,bench,,step,Put it on PATH,63,0,1
2026-10-06,ci.yml,bench,,step,Run Swatinem/rust-cache@v2,63,19,32
2026-10-06,ci.yml,bench,,step,Run actions/checkout@v7,63,5,42
2026-10-06,ci.yml,bench,,step,Run script/bootstrap,63,89,123
2026-10-06,ci.yml,bench,,step,Run script/ci-build bench,63,53,63
2026-10-06,ci.yml,bench,,step,Run script/ci-build icount,63,9,11
2026-10-06,ci.yml,bench,,step,Set up job,63,1,2
2026-10-06,ci.yml,bench,,step,Start the job wall-time clock,63,0,1
2026-10-06,ci.yml,boot-check,,job,,63,168,219
2026-10-06,ci.yml,boot-check,,step,Build QEMU if the cache missed,63,3,13
2026-10-06,ci.yml,boot-check,,step,Cache QEMU,63,2,4
2026-10-06,ci.yml,boot-check,,step,Check the job's wall time against its budget,63,0,1
2026-10-06,ci.yml,boot-check,,step,Complete job,63,0,0
2026-10-06,ci.yml,boot-check,,step,Post Cache QEMU,63,0,1
2026-10-06,ci.yml,boot-check,,step,Post Run Swatinem/rust-cache@v2,63,3,5
2026-10-06,ci.yml,boot-check,,step,Post Run actions/checkout@v7,63,0,1
2026-10-06,ci.yml,boot-check,,step,Put it on PATH,63,0,0
2026-10-06,ci.yml,boot-check,,step,Run Swatinem/rust-cache@v2,63,15,17
2026-10-06,ci.yml,boot-check,,step,Run actions/checkout@v7,63,4,61
2026-10-06,ci.yml,boot-check,,step,Run script/bootstrap,63,83,92
2026-10-06,ci.yml,boot-check,,step,Run script/ci-build boot-check,63,53,63
2026-10-06,ci.yml,boot-check,,step,Set up job,63,1,2
2026-10-06,ci.yml,boot-check,,step,Start the job wall-time clock,63,0,1
2026-10-06,ci.yml,boot-file-size-check,,job,,63,61,91
2026-10-06,ci.yml,boot-file-size-check,,step,Check the job's wall time against its budget,63,0,1
2026-10-06,ci.yml,boot-file-size-check,,step,Complete job,63,0,1
2026-10-06,ci.yml,boot-file-size-check,,step,Install the targets and llvm-tools,63,18,23
2026-10-06,ci.yml,boot-file-size-check,,step,Post Run actions/checkout@v7,63,0,1
2026-10-06,ci.yml,boot-file-size-check,,step,Run actions/checkout@v7,63,3,25
2026-10-06,ci.yml,boot-file-size-check,,step,Run script/ci-build boot-file-size-check,63,35,44
2026-10-06,ci.yml,boot-file-size-check,,step,Set up job,63,1,1
2026-10-06,ci.yml,boot-file-size-check,,step,Start the job wall-time clock,63,0,1
2026-10-06,ci.yml,build-is-reproducible,,job,,63,41,50
2026-10-06,ci.yml,build-is-reproducible,,step,Check the job's wall time against its budget,63,0,1
2026-10-06,ci.yml,build-is-reproducible,,step,Complete job,63,0,1
2026-10-06,ci.yml,build-is-reproducible,,step,Install the bare-metal target,63,18,23
2026-10-06,ci.yml,build-is-reproducible,,step,Post Run actions/checkout@v7,63,0,1
2026-10-06,ci.yml,build-is-reproducible,,step,Run actions/checkout@v7,63,3,5
2026-10-06,ci.yml,build-is-reproducible,,step,Run script/ci-build build-is-reproducible,63,16,19
2026-10-06,ci.yml,build-is-reproducible,,step,Set up job,63,1,1
2026-10-06,ci.yml,build-is-reproducible,,step,Start the job wall-time clock,63,0,1
2026-10-06,ci.yml,clippy,,job,,71,347,438
2026-10-06,ci.yml,clippy,,step,Check the job's wall time against its budget,71,0,1
2026-10-06,ci.yml,clippy,,step,Complete job,71,0,1
2026-10-06,ci.yml,clippy,,step,Install clang (the C component's compiler) and shellcheck,71,10,44
2026-10-06,ci.yml,clippy,,step,Install clippy and the bare-metal target,71,10,14
2026-10-06,ci.yml,clippy,,step,"Install the lint tools (cargo-machete, typos)",71,103,116
2026-10-06,ci.yml,clippy,,step,Post Run Swatinem/rust-cache@v2,66,6,8
2026-10-06,ci.yml,clippy,,step,Post Run actions/checkout@v7,71,0,1
2026-10-06,ci.yml,clippy,,step,Run Swatinem/rust-cache@v2,71,19,27
2026-10-06,ci.yml,clippy,,step,Run actions/checkout@v7,71,5,68
2026-10-06,ci.yml,clippy,,step,Run script/ci-build lint,71,187,232
2026-10-06,ci.yml,clippy,,step,Set up job,71,1,2
2026-10-06,ci.yml,clippy,,step,Start the job wall-time clock,71,0,1
2026-10-06,ci.yml,clippy,,step,The tests of the code that reads the prose this change touched,8,8,9
2026-10-06,ci.yml,coverage,,job,,63,94,152
2026-10-06,ci.yml,coverage,,step,Check the job's wall time against its budget,63,0,1
2026-10-06,ci.yml,coverage,,step,Complete job,63,0,1
2026-10-06,ci.yml,coverage,,step,Install llvm-tools (pinned nightly),63,11,13
2026-10-06,ci.yml,coverage,,step,Post Run Swatinem/rust-cache@v2,63,2,4
2026-10-06,ci.yml,coverage,,step,Post Run actions/checkout@v7,63,0,1
2026-10-06,ci.yml,coverage,,step,Publish the summary to the run,63,0,1
2026-10-06,ci.yml,coverage,,step,Run Swatinem/rust-cache@v2,63,20,24
2026-10-06,ci.yml,coverage,,step,Run actions/checkout@v7,63,5,65
2026-10-06,ci.yml,coverage,,step,Run script/ci-build coverage,63,47,74
2026-10-06,ci.yml,coverage,,step,Run taiki-e/install-action@v2.87.22,63,0,1
2026-10-06,ci.yml,coverage,,step,Set up job,63,2,3
2026-10-06,ci.yml,coverage,,step,Start the job wall-time clock,63,0,1
2026-10-06,ci.yml,coverage,,step,Upload the lcov + HTML report,63,2,3
2026-10-06,ci.yml,cpu-matrix,,job,,63,1085,1202
2026-10-06,ci.yml,cpu-matrix,,step,Build QEMU if the cache missed,43,3,12
2026-10-06,ci.yml,cpu-matrix,,step,Cache QEMU,43,2,4
2026-10-06,ci.yml,cpu-matrix,,step,Check the job's wall time against its budget,43,0,1
2026-10-06,ci.yml,cpu-matrix,,step,Complete job,63,0,1
2026-10-06,ci.yml,cpu-matrix,,step,Post Cache QEMU,43,0,1
2026-10-06,ci.yml,cpu-matrix,,step,Post Run Swatinem/rust-cache@v2,43,4,6
2026-10-06,ci.yml,cpu-matrix,,step,Post Run actions/checkout@v7,43,0,1
2026-10-06,ci.yml,cpu-matrix,,step,Put it on PATH,43,0,0
2026-10-06,ci.yml,cpu-matrix,,step,Report the shards' combined result,20,0,1
2026-10-06,ci.yml,cpu-matrix,,step,Run Swatinem/rust-cache@v2,43,15,21
2026-10-06,ci.yml,cpu-matrix,,step,Run actions/checkout@v7,43,5,6
2026-10-06,ci.yml,cpu-matrix,,step,Run script/bootstrap,43,86,96
2026-10-06,ci.yml,cpu-matrix,,step,Run script/ci-build cpu-matrix,43,979,1076
2026-10-06,ci.yml,cpu-matrix,,step,Set up job,63,1,2
2026-10-06,ci.yml,cpu-matrix,,step,Start the job wall-time clock,43,0,1
2026-10-06,ci.yml,cpu-matrix-shard,rv64 sifive-u54 rva22s64,job,,20,716,892
2026-10-06,ci.yml,cpu-matrix-shard,rv64 sifive-u54 rva22s64,step,Build QEMU if the cache missed,20,3,11
2026-10-06,ci.yml,cpu-matrix-shard,rv64 sifive-u54 rva22s64,step,Cache QEMU,20,2,4
2026-10-06,ci.yml,cpu-matrix-shard,rv64 sifive-u54 rva22s64,step,Check the job's wall time against its budget,20,0,1
2026-10-06,ci.yml,cpu-matrix-shard,rv64 sifive-u54 rva22s64,step,Complete job,20,0,0
2026-10-06,ci.yml,cpu-matrix-shard,rv64 sifive-u54 rva22s64,step,Post Cache QEMU,20,0,1
2026-10-06,ci.yml,cpu-matrix-shard,rv64 sifive-u54 rva22s64,step,Post Run Swatinem/rust-cache@v2,20,3,6
2026-10-06,ci.yml,cpu-matrix-shard,rv64 sifive-u54 rva22s64,step,Post Run actions/checkout@v7,20,0,1
2026-10-06,ci.yml,cpu-matrix-shard,rv64 sifive-u54 rva22s64,step,Put it on PATH,20,0,0
2026-10-06,ci.yml,cpu-matrix-shard,rv64 sifive-u54 rva22s64,step,Run Swatinem/rust-cache@v2,20,15,21
2026-10-06,ci.yml,cpu-matrix-shard,rv64 sifive-u54 rva22s64,step,Run actions/checkout@v7,20,5,68
2026-10-06,ci.yml,cpu-matrix-shard,rv64 sifive-u54 rva22s64,step,Run script/bootstrap,20,4,96
2026-10-06,ci.yml,cpu-matrix-shard,rv64 sifive-u54 rva22s64,step,Run script/ci-build cpu-matrix,20,682,716
2026-10-06,ci.yml,cpu-matrix-shard,rv64 sifive-u54 rva22s64,step,Set up job,20,1,2
2026-10-06,ci.yml,cpu-matrix-shard,rv64 sifive-u54 rva22s64,step,Start the job wall-time clock,20,0,1
2026-10-06,ci.yml,cpu-matrix-shard,rva23s64 thead-c906,job,,20,545,655
2026-10-06,ci.yml,cpu-matrix-shard,rva23s64 thead-c906,step,Build QEMU if the cache missed,20,4,7
2026-10-06,ci.yml,cpu-matrix-shard,rva23s64 thead-c906,step,Cache QEMU,20,2,4
2026-10-06,ci.yml,cpu-matrix-shard,rva23s64 thead-c906,step,Check the job's wall time against its budget,20,0,1
2026-10-06,ci.yml,cpu-matrix-shard,rva23s64 thead-c906,step,Complete job,20,0,1
2026-10-06,ci.yml,cpu-matrix-shard,rva23s64 thead-c906,step,Post Cache QEMU,20,0,1
2026-10-06,ci.yml,cpu-matrix-shard,rva23s64 thead-c906,step,Post Run Swatinem/rust-cache@v2,20,3,6
2026-10-06,ci.yml,cpu-matrix-shard,rva23s64 thead-c906,step,Post Run actions/checkout@v7,20,0,1
2026-10-06,ci.yml,cpu-matrix-shard,rva23s64 thead-c906,step,Put it on PATH,20,0,0
2026-10-06,ci.yml,cpu-matrix-shard,rva23s64 thead-c906,step,Run Swatinem/rust-cache@v2,20,15,27
2026-10-06,ci.yml,cpu-matrix-shard,rva23s64 thead-c906,step,Run actions/checkout@v7,20,5,43
2026-10-06,ci.yml,cpu-matrix-shard,rva23s64 thead-c906,step,Run script/bootstrap,20,5,88
2026-10-06,ci.yml,cpu-matrix-shard,rva23s64 thead-c906,step,Run script/ci-build cpu-matrix,20,500,513
2026-10-06,ci.yml,cpu-matrix-shard,rva23s64 thead-c906,step,Set up job,20,1,2
2026-10-06,ci.yml,cpu-matrix-shard,rva23s64 thead-c906,step,Start the job wall-time clock,20,0,1
2026-10-06,ci.yml,fastpath-footprint,,job,,63,46,84
2026-10-06,ci.yml,fastpath-footprint,,step,Check the job's wall time against its budget,63,0,1
2026-10-06,ci.yml,fastpath-footprint,,step,Complete job,63,0,0
2026-10-06,ci.yml,fastpath-footprint,,step,Install the bare-metal targets and llvm-tools,63,18,23
2026-10-06,ci.yml,fastpath-footprint,,step,Post Run actions/checkout@v7,63,0,1
2026-10-06,ci.yml,fastpath-footprint,,step,Run actions/checkout@v7,63,3,15
2026-10-06,ci.yml,fastpath-footprint,,step,Run script/ci-build fastpath-footprint,63,20,22
2026-10-06,ci.yml,fastpath-footprint,,step,Set up job,63,1,1
2026-10-06,ci.yml,fastpath-footprint,,step,Start the job wall-time clock,63,0,1
2026-10-06,ci.yml,fmt,,job,,63,36,65
2026-10-06,ci.yml,fmt,,step,Check the job's wall time against its budget,63,0,1
2026-10-06,ci.yml,fmt,,step,Complete job,63,0,1
2026-10-06,ci.yml,fmt,,step,Install rustfmt (pinned nightly),63,8,10
2026-10-06,ci.yml,fmt,,step,Post Run actions/checkout@v7,63,0,1
2026-10-06,ci.yml,fmt,,step,Run actions/checkout@v7,63,3,32
2026-10-06,ci.yml,fmt,,step,Run script/ci-build fmt,63,21,25
2026-10-06,ci.yml,fmt,,step,Set up job,63,1,1
2026-10-06,ci.yml,fmt,,step,Start the job wall-time clock,63,0,1
2026-10-06,ci.yml,fuzz,,job,,63,714,829
2026-10-06,ci.yml,fuzz,,step,Check the job's wall time against its budget,63,0,1
2026-10-06,ci.yml,fuzz,,step,Complete job,63,0,1
2026-10-06,ci.yml,fuzz,,step,Post Run Swatinem/rust-cache@v2,63,2,6
2026-10-06,ci.yml,fuzz,,step,Post Run actions/checkout@v7,63,0,1
2026-10-06,ci.yml,fuzz,,step,Run Swatinem/rust-cache@v2,63,19,25
2026-10-06,ci.yml,fuzz,,step,Run actions/checkout@v7,63,5,71
2026-10-06,ci.yml,fuzz,,step,Run script/ci-build fuzz,63,683,703
2026-10-06,ci.yml,fuzz,,step,Set up job,63,1,2
2026-10-06,ci.yml,fuzz,,step,Start the job wall-time clock,63,0,1
2026-10-06,ci.yml,gate,,job,,71,11,86
2026-10-06,ci.yml,gate,,step,Check the job's wall time against its budget,71,0,1
2026-10-06,ci.yml,gate,,step,Complete job,71,0,1
2026-10-06,ci.yml,gate,,step,Is this change prose that no build or test reads?,71,1,2
2026-10-06,ci.yml,gate,,step,Post Run actions/checkout@v7,71,0,1
2026-10-06,ci.yml,gate,,step,Run # A′: a push to `main` whose exact commit a merge group already tested. See the comment,71,0,1
2026-10-06,ci.yml,gate,,step,Run actions/checkout@v7,71,5,80
2026-10-06,ci.yml,gate,,step,Set up job,71,1,1
2026-10-06,ci.yml,gate,,step,Start the job wall-time clock,71,0,1
2026-10-06,ci.yml,image-permissions,,job,,63,53,88
2026-10-06,ci.yml,image-permissions,,step,Check the job's wall time against its budget,63,0,1
2026-10-06,ci.yml,image-permissions,,step,Complete job,63,0,1
2026-10-06,ci.yml,image-permissions,,step,Install the bare-metal targets,63,12,16
2026-10-06,ci.yml,image-permissions,,step,Post Run Swatinem/rust-cache@v2,63,2,3
2026-10-06,ci.yml,image-permissions,,step,Post Run actions/checkout@v7,63,0,1
2026-10-06,ci.yml,image-permissions,,step,Run Swatinem/rust-cache@v2,63,19,23
2026-10-06,ci.yml,image-permissions,,step,Run actions/checkout@v7,63,3,33
2026-10-06,ci.yml,image-permissions,,step,Run script/ci-build image-permissions,63,13,15
2026-10-06,ci.yml,image-permissions,,step,Set up job,63,1,2
2026-10-06,ci.yml,image-permissions,,step,Start the job wall-time clock,63,0,1
2026-10-06,ci.yml,interleavings,,job,,63,48,84
2026-10-06,ci.yml,interleavings,,step,Check the job's wall time against its budget,63,0,1
2026-10-06,ci.yml,interleavings,,step,Complete job,63,0,1
2026-10-06,ci.yml,interleavings,,step,Post Run Swatinem/rust-cache@v2,63,2,3
2026-10-06,ci.yml,interleavings,,step,Post Run actions/checkout@v7,63,0,1
2026-10-06,ci.yml,interleavings,,step,Run Swatinem/rust-cache@v2,63,20,29
2026-10-06,ci.yml,interleavings,,step,Run actions/checkout@v7,63,5,40
2026-10-06,ci.yml,interleavings,,step,Run script/interleaving-check,63,17,18
2026-10-06,ci.yml,interleavings,,step,Set up job,63,1,2
2026-10-06,ci.yml,interleavings,,step,Start the job wall-time clock,63,0,1
2026-10-06,ci.yml,stack-frame-check,,job,,63,113,144
2026-10-06,ci.yml,stack-frame-check,,step,Check the job's wall time against its budget,63,0,1
2026-10-06,ci.yml,stack-frame-check,,step,Complete job,63,0,1
2026-10-06,ci.yml,stack-frame-check,,step,Install the bare-metal targets and llvm-tools,63,15,18
2026-10-06,ci.yml,stack-frame-check,,step,Post Run Swatinem/rust-cache@v2,63,2,4
2026-10-06,ci.yml,stack-frame-check,,step,Post Run actions/checkout@v7,63,0,1
2026-10-06,ci.yml,stack-frame-check,,step,Run Swatinem/rust-cache@v2,63,19,24
2026-10-06,ci.yml,stack-frame-check,,step,Run actions/checkout@v7,63,3,28
2026-10-06,ci.yml,stack-frame-check,,step,Run script/ci-build stack-depth-check,63,48,54
2026-10-06,ci.yml,stack-frame-check,,step,Run script/ci-build stack-frame-check,63,23,26
2026-10-06,ci.yml,stack-frame-check,,step,Set up job,63,1,2
2026-10-06,ci.yml,stack-frame-check,,step,Start the job wall-time clock,63,0,1
2026-10-06,ci.yml,supply-chain,,job,,63,36,92
2026-10-06,ci.yml,supply-chain,,step,Cache the vendored tarballs,63,1,2
2026-10-06,ci.yml,supply-chain,,step,Check the job's wall time against its budget,63,0,1
2026-10-06,ci.yml,supply-chain,,step,Complete job,63,0,1
2026-10-06,ci.yml,supply-chain,,step,Post Cache the vendored tarballs,63,0,1
2026-10-06,ci.yml,supply-chain,,step,Post Run Swatinem/rust-cache@v2,63,2,3
2026-10-06,ci.yml,supply-chain,,step,Post Run actions/checkout@v7,63,0,1
2026-10-06,ci.yml,supply-chain,,step,Read the pinned cargo-deny version,63,0,1
2026-10-06,ci.yml,supply-chain,,step,Run Swatinem/rust-cache@v2,63,19,27
2026-10-06,ci.yml,supply-chain,,step,Run actions/checkout@v7,63,3,59
2026-10-06,ci.yml,supply-chain,,step,Run script/ci-build supply-chain,63,5,8
2026-10-06,ci.yml,supply-chain,,step,Run taiki-e/install-action@v2.87.22,63,0,1
2026-10-06,ci.yml,supply-chain,,step,Set up job,63,2,4
2026-10-06,ci.yml,supply-chain,,step,Start the job wall-time clock,63,0,1
2026-10-06,ci.yml,swish-check,,job,,63,320,369
2026-10-06,ci.yml,swish-check,,step,Build QEMU if the cache missed,63,3,11
2026-10-06,ci.yml,swish-check,,step,Cache QEMU,63,2,4
2026-10-06,ci.yml,swish-check,,step,Check the job's wall time against its budget,63,0,0
2026-10-06,ci.yml,swish-check,,step,Complete job,63,0,1
2026-10-06,ci.yml,swish-check,,step,Post Cache QEMU,63,0,1
2026-10-06,ci.yml,swish-check,,step,Post Run Swatinem/rust-cache@v2,63,4,6
2026-10-06,ci.yml,swish-check,,step,Post Run actions/checkout@v7,63,0,1
2026-10-06,ci.yml,swish-check,,step,Put it on PATH,63,0,1
2026-10-06,ci.yml,swish-check,,step,Run Swatinem/rust-cache@v2,63,14,20
2026-10-06,ci.yml,swish-check,,step,Run actions/checkout@v7,63,5,91
2026-10-06,ci.yml,swish-check,,step,Run script/bootstrap,63,84,96
2026-10-06,ci.yml,swish-check,,step,Run script/ci-build swish-check-aarch64-riscv64,63,203,214
2026-10-06,ci.yml,swish-check,,step,Set up job,63,1,2
2026-10-06,ci.yml,swish-check,,step,Start the job wall-time clock,63,0,1
2026-10-06,ci.yml,swish-check-x86_64,,job,,63,300,355
2026-10-06,ci.yml,swish-check-x86_64,,step,Build QEMU if the cache missed,63,2,9
2026-10-06,ci.yml,swish-check-x86_64,,step,Cache QEMU,63,3,6
2026-10-06,ci.yml,swish-check-x86_64,,step,Check the job's wall time against its budget,63,0,1
2026-10-06,ci.yml,swish-check-x86_64,,step,Complete job,63,0,1
2026-10-06,ci.yml,swish-check-x86_64,,step,Open /dev/kvm to the runner user,63,0,1
2026-10-06,ci.yml,swish-check-x86_64,,step,Post Cache QEMU,63,0,1
2026-10-06,ci.yml,swish-check-x86_64,,step,Post Run Swatinem/rust-cache@v2,63,4,5
2026-10-06,ci.yml,swish-check-x86_64,,step,Post Run actions/checkout@v7,63,0,1
2026-10-06,ci.yml,swish-check-x86_64,,step,Put it on PATH,63,0,1
2026-10-06,ci.yml,swish-check-x86_64,,step,Run Swatinem/rust-cache@v2,63,19,31
2026-10-06,ci.yml,swish-check-x86_64,,step,Run actions/checkout@v7,63,5,64
2026-10-06,ci.yml,swish-check-x86_64,,step,Run script/bootstrap,63,90,114
2026-10-06,ci.yml,swish-check-x86_64,,step,Run script/ci-build swish-check-x86_64,63,179,189
2026-10-06,ci.yml,swish-check-x86_64,,step,Set up job,63,1,3
2026-10-06,ci.yml,swish-check-x86_64,,step,Start the job wall-time clock,63,0,1
2026-10-06,ci.yml,test,,job,,63,792,984
2026-10-06,ci.yml,test,,step,Build QEMU if the cache missed,63,3,9
2026-10-06,ci.yml,test,,step,Cache QEMU,63,2,4
2026-10-06,ci.yml,test,,step,Check the job's wall time against its budget,63,0,1
2026-10-06,ci.yml,test,,step,Complete job,63,0,1
2026-10-06,ci.yml,test,,step,Post Cache QEMU,63,0,1
2026-10-06,ci.yml,test,,step,Post Run Swatinem/rust-cache@v2,63,5,7
2026-10-06,ci.yml,test,,step,Post Run actions/checkout@v7,63,0,1
2026-10-06,ci.yml,test,,step,Put it on PATH,63,0,0
2026-10-06,ci.yml,test,,step,Run Swatinem/rust-cache@v2,63,15,21
2026-10-06,ci.yml,test,,step,Run actions/checkout@v7,63,5,117
2026-10-06,ci.yml,test,,step,Run script/bootstrap,63,84,100
2026-10-06,ci.yml,test,,step,Run script/ci-build test,63,694,751
2026-10-06,ci.yml,test,,step,Set up job,63,1,3
2026-10-06,ci.yml,test,,step,Start the job wall-time clock,63,0,1
2026-10-06,ci.yml,watchdog,,job,,63,9,444
2026-10-06,ci.yml,watchdog,,step,Build QEMU if the cache missed,8,3,6
2026-10-06,ci.yml,watchdog,,step,Cache QEMU,8,2,4
2026-10-06,ci.yml,watchdog,,step,Check the job's wall time against its budget,63,0,1
2026-10-06,ci.yml,watchdog,,step,Complete job,63,0,1
2026-10-06,ci.yml,watchdog,,step,Does this change touch the watchdog?,63,0,1
2026-10-06,ci.yml,watchdog,,step,Post Cache QEMU,8,0,1
2026-10-06,ci.yml,watchdog,,step,Post Run Swatinem/rust-cache@v2,8,2,4
2026-10-06,ci.yml,watchdog,,step,Post Run actions/checkout@v7,63,0,1
2026-10-06,ci.yml,watchdog,,step,Put it on PATH,8,0,0
2026-10-06,ci.yml,watchdog,,step,Run Swatinem/rust-cache@v2,8,14,18
2026-10-06,ci.yml,watchdog,,step,Run actions/checkout@v7,63,5,50
2026-10-06,ci.yml,watchdog,,step,Run script/bootstrap,8,88,94
2026-10-06,ci.yml,watchdog,,step,Run script/ci-build watchdog-check,8,296,298
2026-10-06,ci.yml,watchdog,,step,Set up job,63,1,2
2026-10-06,ci.yml,watchdog,,step,Start the job wall-time clock,63,0,1
2026-10-06,verify.yml,falsify,,job,,59,3,1453
2026-10-06,verify.yml,falsify,,step,Complete job,59,0,1
2026-10-06,verify.yml,falsify,,step,Install Kani,8,12,34
2026-10-06,verify.yml,falsify,,step,Post Run Swatinem/rust-cache@v2,8,1,2
2026-10-06,verify.yml,falsify,,step,Post Run actions/checkout@v7,8,0,1
2026-10-06,verify.yml,falsify,,step,Report the shards' combined result,51,0,1
2026-10-06,verify.yml,falsify,,step,Run Swatinem/rust-cache@v2,8,15,17
2026-10-06,verify.yml,falsify,,step,Run actions/checkout@v7,8,4,6
2026-10-06,verify.yml,falsify,,step,Set up job,59,0,1
2026-10-06,verify.yml,falsify,,step,script/falsifications --affected-since,8,49,1417
2026-10-06,verify.yml,falsify-shard,1 1,job,,4,140,270
2026-10-06,verify.yml,falsify-shard,1 1,step,Complete job,4,0,0
2026-10-06,verify.yml,falsify-shard,1 1,step,Install Kani,4,12,13
2026-10-06,verify.yml,falsify-shard,1 1,step,Post Run Swatinem/rust-cache@v2,4,2,2
2026-10-06,verify.yml,falsify-shard,1 1,step,Post Run actions/checkout@v7,4,0,1
2026-10-06,verify.yml,falsify-shard,1 1,step,Run Swatinem/rust-cache@v2,4,14,18
2026-10-06,verify.yml,falsify-shard,1 1,step,Run actions/checkout@v7,4,5,5
2026-10-06,verify.yml,falsify-shard,1 1,step,Set up job,4,1,1
2026-10-06,verify.yml,falsify-shard,1 1,step,script/falsifications --affected-since --shard,4,102,232
2026-10-06,verify.yml,falsify-shard,1 3,job,,9,1330,1399
2026-10-06,verify.yml,falsify-shard,1 3,step,Complete job,9,0,0
2026-10-06,verify.yml,falsify-shard,1 3,step,Install Kani,9,12,13
2026-10-06,verify.yml,falsify-shard,1 3,step,Post Run Swatinem/rust-cache@v2,9,1,1
2026-10-06,verify.yml,falsify-shard,1 3,step,Post Run actions/checkout@v7,9,0,1
2026-10-06,verify.yml,falsify-shard,1 3,step,Run Swatinem/rust-cache@v2,9,15,17
2026-10-06,verify.yml,falsify-shard,1 3,step,Run actions/checkout@v7,9,5,31
2026-10-06,verify.yml,falsify-shard,1 3,step,Set up job,9,1,2
2026-10-06,verify.yml,falsify-shard,1 3,step,script/falsifications --affected-since --shard,9,1293,1365
2026-10-06,verify.yml,falsify-shard,2 3,job,,9,1246,1291
2026-10-06,verify.yml,falsify-shard,2 3,step,Complete job,9,0,0
2026-10-06,verify.yml,falsify-shard,2 3,step,Install Kani,9,11,13
2026-10-06,verify.yml,falsify-shard,2 3,step,Post Run Swatinem/rust-cache@v2,9,1,3
2026-10-06,verify.yml,falsify-shard,2 3,step,Post Run actions/checkout@v7,9,0,1
2026-10-06,verify.yml,falsify-shard,2 3,step,Run Swatinem/rust-cache@v2,9,15,18
2026-10-06,verify.yml,falsify-shard,2 3,step,Run actions/checkout@v7,9,5,53
2026-10-06,verify.yml,falsify-shard,2 3,step,Set up job,9,1,2
2026-10-06,verify.yml,falsify-shard,2 3,step,script/falsifications --affected-since --shard,9,1206,1254
2026-10-06,verify.yml,falsify-shard,3 3,job,,9,1246,1301
2026-10-06,verify.yml,falsify-shard,3 3,step,Complete job,9,0,0
2026-10-06,verify.yml,falsify-shard,3 3,step,Install Kani,9,12,14
2026-10-06,verify.yml,falsify-shard,3 3,step,Post Run Swatinem/rust-cache@v2,9,1,2
2026-10-06,verify.yml,falsify-shard,3 3,step,Post Run actions/checkout@v7,9,0,1
2026-10-06,verify.yml,falsify-shard,3 3,step,Run Swatinem/rust-cache@v2,9,14,17
2026-10-06,verify.yml,falsify-shard,3 3,step,Run actions/checkout@v7,9,5,13
2026-10-06,verify.yml,falsify-shard,3 3,step,Set up job,9,1,2
2026-10-06,verify.yml,falsify-shard,3 3,step,script/falsifications --affected-since --shard,9,1211,1264
2026-10-06,verify.yml,gate,,job,,72,10,86
2026-10-06,verify.yml,gate,,step,Complete job,72,0,1
2026-10-06,verify.yml,gate,,step,Is this change prose that no build or test reads?,72,1,2
2026-10-06,verify.yml,gate,,step,Post Run actions/checkout@v7,72,0,1
2026-10-06,verify.yml,gate,,step,Run # A′: a push to `main` whose exact commit a merge group already tested. See the comment,72,0,1
2026-10-06,verify.yml,gate,,step,Run actions/checkout@v7,72,5,82
2026-10-06,verify.yml,gate,,step,Set up job,72,1,1
2026-10-06,verify.yml,prove-kernel-aarch64,,job,,23,44,67
2026-10-06,verify.yml,prove-kernel-aarch64,,step,Complete job,23,0,1
2026-10-06,verify.yml,prove-kernel-aarch64,,step,Install Kani,23,11,14
2026-10-06,verify.yml,prove-kernel-aarch64,,step,Post Run Swatinem/rust-cache@v2,23,1,3
2026-10-06,verify.yml,prove-kernel-aarch64,,step,Post Run actions/checkout@v7,23,0,1
2026-10-06,verify.yml,prove-kernel-aarch64,,step,Run Swatinem/rust-cache@v2,23,14,17
2026-10-06,verify.yml,prove-kernel-aarch64,,step,Run actions/checkout@v7,23,3,29
2026-10-06,verify.yml,prove-kernel-aarch64,,step,Set up job,23,1,2
2026-10-06,verify.yml,prove-kernel-aarch64,,step,script/verify --only kernel,23,10,13
2026-10-06,verify.yml,prove-kernel-riscv64,,job,,23,47,117
2026-10-06,verify.yml,prove-kernel-riscv64,,step,Build the patched Kani if the cache missed,23,14,71
2026-10-06,verify.yml,prove-kernel-riscv64,,step,Cache the patched Kani,23,2,3
2026-10-06,verify.yml,prove-kernel-riscv64,,step,Complete job,23,0,0
2026-10-06,verify.yml,prove-kernel-riscv64,,step,Name the carried Kani patch,23,0,1
2026-10-06,verify.yml,prove-kernel-riscv64,,step,Post Cache the patched Kani,23,0,1
2026-10-06,verify.yml,prove-kernel-riscv64,,step,Post Run Swatinem/rust-cache@v2,23,2,4
2026-10-06,verify.yml,prove-kernel-riscv64,,step,Post Run actions/checkout@v7,23,0,1
2026-10-06,verify.yml,prove-kernel-riscv64,,step,Run Swatinem/rust-cache@v2,23,14,27
2026-10-06,verify.yml,prove-kernel-riscv64,,step,Run actions/checkout@v7,23,3,49
2026-10-06,verify.yml,prove-kernel-riscv64,,step,Set up job,23,1,3
2026-10-06,verify.yml,prove-kernel-riscv64,,step,script/verify-riscv64,23,9,11
2026-10-06,verify.yml,scope,,job,,64,24,45
2026-10-06,verify.yml,scope,,step,Complete job,64,0,1
2026-10-06,verify.yml,scope,,step,Does this change need the proofs?,64,0,23
2026-10-06,verify.yml,scope,,step,Plan the re-falsify shards,15,1,20
2026-10-06,verify.yml,scope,,step,Post Run actions/checkout@v7,64,0,1
2026-10-06,verify.yml,scope,,step,Run actions/checkout@v7,64,5,29
2026-10-06,verify.yml,scope,,step,Set up job,64,1,1
2026-10-06,verify.yml,verify,,job,,64,3,5
2026-10-06,verify.yml,verify,,step,Complete job,64,0,1
2026-10-06,verify.yml,verify,,step,Report the shards' combined result,64,0,1
2026-10-06,verify.yml,verify,,step,Set up job,64,0,1
2026-10-07,ci.yml,bench,,job,,52,104,128
2026-10-07,ci.yml,bench,,step,Build QEMU if the cache missed,52,2,11
2026-10-07,ci.yml,bench,,step,Cache QEMU,52,3,5
2026-10-07,ci.yml,bench,,step,Check the job's wall time against its budget,52,0,1
2026-10-07,ci.yml,bench,,step,Complete job,52,0,1
2026-10-07,ci.yml,bench,,step,Post Cache QEMU,52,0,1
2026-10-07,ci.yml,bench,,step,Post Run Swatinem/rust-cache@6323deb102c322ba6fcbdcafc7e3dddab59af2b6,8,3,4
2026-10-07,ci.yml,bench,,step,Post Run Swatinem/rust-cache@v2,34,3,4
2026-10-07,ci.yml,bench,,step,Post Run actions/checkout@3d3c42e5aac5ba805825da76410c181273ba90b1,15,0,1
2026-10-07,ci.yml,bench,,step,Post Run actions/checkout@v7,37,0,1
2026-10-07,ci.yml,bench,,step,Put it on PATH,52,0,1
2026-10-07,ci.yml,bench,,step,Run Swatinem/rust-cache@6323deb102c322ba6fcbdcafc7e3dddab59af2b6,8,20,22
2026-10-07,ci.yml,bench,,step,Run Swatinem/rust-cache@v2,34,19,24
2026-10-07,ci.yml,bench,,step,Run actions/checkout@3d3c42e5aac5ba805825da76410c181273ba90b1,15,6,7
2026-10-07,ci.yml,bench,,step,Run actions/checkout@v7,37,6,22
2026-10-07,ci.yml,bench,,step,Run script/bootstrap,52,4,26
2026-10-07,ci.yml,bench,,step,Run script/ci-build bench,52,54,62
2026-10-07,ci.yml,bench,,step,Run script/ci-build icount,52,9,11
2026-10-07,ci.yml,bench,,step,Set up job,52,1,2
2026-10-07,ci.yml,bench,,step,Start the job wall-time clock,52,0,1
2026-10-07,ci.yml,boot-check,,job,,52,91,183
2026-10-07,ci.yml,boot-check,,step,Build QEMU if the cache missed,52,3,12
2026-10-07,ci.yml,boot-check,,step,Cache QEMU,52,2,5
2026-10-07,ci.yml,boot-check,,step,Check the job's wall time against its budget,52,0,1
2026-10-07,ci.yml,boot-check,,step,Complete job,52,0,1
2026-10-07,ci.yml,boot-check,,step,Post Cache QEMU,52,0,1
2026-10-07,ci.yml,boot-check,,step,Post Run Swatinem/rust-cache@6323deb102c322ba6fcbdcafc7e3dddab59af2b6,8,2,3
2026-10-07,ci.yml,boot-check,,step,Post Run Swatinem/rust-cache@v2,34,3,4
2026-10-07,ci.yml,boot-check,,step,Post Run actions/checkout@3d3c42e5aac5ba805825da76410c181273ba90b1,15,0,1
2026-10-07,ci.yml,boot-check,,step,Post Run actions/checkout@v7,37,0,1
2026-10-07,ci.yml,boot-check,,step,Put it on PATH,52,0,0
2026-10-07,ci.yml,boot-check,,step,Run Swatinem/rust-cache@6323deb102c322ba6fcbdcafc7e3dddab59af2b6,8,14,21
2026-10-07,ci.yml,boot-check,,step,Run Swatinem/rust-cache@v2,34,15,30
2026-10-07,ci.yml,boot-check,,step,Run actions/checkout@3d3c42e5aac5ba805825da76410c181273ba90b1,15,5,7
2026-10-07,ci.yml,boot-check,,step,Run actions/checkout@v7,37,5,99
2026-10-07,ci.yml,boot-check,,step,Run script/bootstrap,52,4,22
2026-10-07,ci.yml,boot-check,,step,Run script/ci-build boot-check,52,56,61
2026-10-07,ci.yml,boot-check,,step,Set up job,52,1,2
2026-10-07,ci.yml,boot-check,,step,Start the job wall-time clock,52,0,1
2026-10-07,ci.yml,boot-file-size-check,,job,,52,62,81
2026-10-07,ci.yml,boot-file-size-check,,step,Check the job's wall time against its budget,52,0,1
2026-10-07,ci.yml,boot-file-size-check,,step,Complete job,52,0,1
2026-10-07,ci.yml,boot-file-size-check,,step,Install the targets and llvm-tools,52,18,23
2026-10-07,ci.yml,boot-file-size-check,,step,Post Run actions/checkout@3d3c42e5aac5ba805825da76410c181273ba90b1,15,0,1
2026-10-07,ci.yml,boot-file-size-check,,step,Post Run actions/checkout@v7,37,0,1
2026-10-07,ci.yml,boot-file-size-check,,step,Run actions/checkout@3d3c42e5aac5ba805825da76410c181273ba90b1,15,4,36
2026-10-07,ci.yml,boot-file-size-check,,step,Run actions/checkout@v7,37,3,5
2026-10-07,ci.yml,boot-file-size-check,,step,Run script/ci-build boot-file-size-check,52,36,46
2026-10-07,ci.yml,boot-file-size-check,,step,Set up job,52,1,17
2026-10-07,ci.yml,boot-file-size-check,,step,Start the job wall-time clock,52,0,1
2026-10-07,ci.yml,build-is-reproducible,,job,,52,42,79
2026-10-07,ci.yml,build-is-reproducible,,step,Check the job's wall time against its budget,52,0,1
2026-10-07,ci.yml,build-is-reproducible,,step,Complete job,52,0,1
2026-10-07,ci.yml,build-is-reproducible,,step,Install the bare-metal target,52,18,23
2026-10-07,ci.yml,build-is-reproducible,,step,Post Run actions/checkout@3d3c42e5aac5ba805825da76410c181273ba90b1,15,0,1
2026-10-07,ci.yml,build-is-reproducible,,step,Post Run actions/checkout@v7,37,0,1
2026-10-07,ci.yml,build-is-reproducible,,step,Run actions/checkout@3d3c42e5aac5ba805825da76410c181273ba90b1,15,4,22
2026-10-07,ci.yml,build-is-reproducible,,step,Run actions/checkout@v7,37,4,47
2026-10-07,ci.yml,build-is-reproducible,,step,Run script/ci-build build-is-reproducible,52,16,18
2026-10-07,ci.yml,build-is-reproducible,,step,Set up job,52,0,1
2026-10-07,ci.yml,build-is-reproducible,,step,Start the job wall-time clock,52,0,1
2026-10-07,ci.yml,clippy,,job,,57,369,516
2026-10-07,ci.yml,clippy,,step,Check the job's wall time against its budget,57,0,1
2026-10-07,ci.yml,clippy,,step,Complete job,57,0,1
2026-10-07,ci.yml,clippy,,step,Install clang (the C component's compiler) and shellcheck,57,11,102
2026-10-07,ci.yml,clippy,,step,Install clippy and the bare-metal target,57,10,13
2026-10-07,ci.yml,clippy,,step,"Install the lint tools (cargo-machete, typos)",57,103,121
2026-10-07,ci.yml,clippy,,step,Post Run Swatinem/rust-cache@6323deb102c322ba6fcbdcafc7e3dddab59af2b6,14,2,7
2026-10-07,ci.yml,clippy,,step,Post Run Swatinem/rust-cache@v2,40,6,9
2026-10-07,ci.yml,clippy,,step,Post Run actions/checkout@3d3c42e5aac5ba805825da76410c181273ba90b1,16,0,1
2026-10-07,ci.yml,clippy,,step,Post Run actions/checkout@v7,41,0,1
2026-10-07,ci.yml,clippy,,step,Run Swatinem/rust-cache@6323deb102c322ba6fcbdcafc7e3dddab59af2b6,16,19,21
2026-10-07,ci.yml,clippy,,step,Run Swatinem/rust-cache@v2,41,20,25
2026-10-07,ci.yml,clippy,,step,Run actions/checkout@3d3c42e5aac5ba805825da76410c181273ba90b1,16,6,114
2026-10-07,ci.yml,clippy,,step,Run actions/checkout@v7,41,6,56
2026-10-07,ci.yml,clippy,,step,Run script/ci-build lint,57,204,244
2026-10-07,ci.yml,clippy,,step,Selftest of script/metrics,11,0,0
2026-10-07,ci.yml,clippy,,step,Set up job,57,1,2
2026-10-07,ci.yml,clippy,,step,Start the job wall-time clock,57,0,1
2026-10-07,ci.yml,clippy,,step,The tests of the code that reads the prose this change touched,5,8,9
2026-10-07,ci.yml,coverage,,job,,52,96,175
2026-10-07,ci.yml,coverage,,step,Check the job's wall time against its budget,52,0,1
2026-10-07,ci.yml,coverage,,step,Complete job,52,0,0
2026-10-07,ci.yml,coverage,,step,Install llvm-tools (pinned nightly),52,11,13
2026-10-07,ci.yml,coverage,,step,Post Run Swatinem/rust-cache@6323deb102c322ba6fcbdcafc7e3dddab59af2b6,8,2,3
2026-10-07,ci.yml,coverage,,step,Post Run Swatinem/rust-cache@v2,34,2,3
2026-10-07,ci.yml,coverage,,step,Post Run actions/checkout@3d3c42e5aac5ba805825da76410c181273ba90b1,15,0,1
2026-10-07,ci.yml,coverage,,step,Post Run actions/checkout@v7,37,0,1
2026-10-07,ci.yml,coverage,,step,Publish the summary to the run,52,0,1
2026-10-07,ci.yml,coverage,,step,Run Swatinem/rust-cache@6323deb102c322ba6fcbdcafc7e3dddab59af2b6,8,20,23
2026-10-07,ci.yml,coverage,,step,Run Swatinem/rust-cache@v2,34,19,23
2026-10-07,ci.yml,coverage,,step,Run actions/checkout@3d3c42e5aac5ba805825da76410c181273ba90b1,15,6,82
2026-10-07,ci.yml,coverage,,step,Run actions/checkout@v7,37,5,47
2026-10-07,ci.yml,coverage,,step,Run script/ci-build coverage,52,54,92
2026-10-07,ci.yml,coverage,,step,Run taiki-e/install-action@83ac0ad63c0167e6f06796fab0fce28db1bf3db0,15,1,1
2026-10-07,ci.yml,coverage,,step,Run taiki-e/install-action@v2.87.22,37,0,1
2026-10-07,ci.yml,coverage,,step,Set up job,52,2,3
2026-10-07,ci.yml,coverage,,step,Start the job wall-time clock,52,0,1
2026-10-07,ci.yml,coverage,,step,Upload the lcov + HTML report,52,2,3
2026-10-07,ci.yml,cpu-matrix,,job,,50,3,4
2026-10-07,ci.yml,cpu-matrix,,step,Complete job,50,0,1
2026-10-07,ci.yml,cpu-matrix,,step,Report the shards' combined result,50,0,1
2026-10-07,ci.yml,cpu-matrix,,step,Set up job,50,0,1
2026-10-07,ci.yml,cpu-matrix-shard,rv64 sifive-u54 rva22s64,job,,52,736,884
2026-10-07,ci.yml,cpu-matrix-shard,rv64 sifive-u54 rva22s64,step,Build QEMU if the cache missed,52,3,44
2026-10-07,ci.yml,cpu-matrix-shard,rv64 sifive-u54 rva22s64,step,Cache QEMU,52,2,5
2026-10-07,ci.yml,cpu-matrix-shard,rv64 sifive-u54 rva22s64,step,Check the job's wall time against its budget,52,0,1
2026-10-07,ci.yml,cpu-matrix-shard,rv64 sifive-u54 rva22s64,step,Complete job,52,0,1
2026-10-07,ci.yml,cpu-matrix-shard,rv64 sifive-u54 rva22s64,step,Post Cache QEMU,52,0,1
2026-10-07,ci.yml,cpu-matrix-shard,rv64 sifive-u54 rva22s64,step,Post Run Swatinem/rust-cache@6323deb102c322ba6fcbdcafc7e3dddab59af2b6,8,3,5
2026-10-07,ci.yml,cpu-matrix-shard,rv64 sifive-u54 rva22s64,step,Post Run Swatinem/rust-cache@v2,34,3,5
2026-10-07,ci.yml,cpu-matrix-shard,rv64 sifive-u54 rva22s64,step,Post Run actions/checkout@3d3c42e5aac5ba805825da76410c181273ba90b1,15,0,1
2026-10-07,ci.yml,cpu-matrix-shard,rv64 sifive-u54 rva22s64,step,Post Run actions/checkout@v7,37,0,1
2026-10-07,ci.yml,cpu-matrix-shard,rv64 sifive-u54 rva22s64,step,Put it on PATH,52,0,0
2026-10-07,ci.yml,cpu-matrix-shard,rv64 sifive-u54 rva22s64,step,Run Swatinem/rust-cache@6323deb102c322ba6fcbdcafc7e3dddab59af2b6,8,16,28
2026-10-07,ci.yml,cpu-matrix-shard,rv64 sifive-u54 rva22s64,step,Run Swatinem/rust-cache@v2,34,15,21
2026-10-07,ci.yml,cpu-matrix-shard,rv64 sifive-u54 rva22s64,step,Run actions/checkout@3d3c42e5aac5ba805825da76410c181273ba90b1,15,5,69
2026-10-07,ci.yml,cpu-matrix-shard,rv64 sifive-u54 rva22s64,step,Run actions/checkout@v7,37,5,53
2026-10-07,ci.yml,cpu-matrix-shard,rv64 sifive-u54 rva22s64,step,Run script/bootstrap,52,6,30
2026-10-07,ci.yml,cpu-matrix-shard,rv64 sifive-u54 rva22s64,step,Run script/ci-build cpu-matrix,52,690,774
2026-10-07,ci.yml,cpu-matrix-shard,rv64 sifive-u54 rva22s64,step,Set up job,52,1,3
2026-10-07,ci.yml,cpu-matrix-shard,rv64 sifive-u54 rva22s64,step,Start the job wall-time clock,52,0,1
2026-10-07,ci.yml,cpu-matrix-shard,rv64 sifive-u54 rva22s64,step,Summarize where the time went,16,0,0
2026-10-07,ci.yml,cpu-matrix-shard,rv64 sifive-u54 rva22s64,step,Upload the time record,16,1,2
2026-10-07,ci.yml,cpu-matrix-shard,rva23s64 thead-c906,job,,52,554,612
2026-10-07,ci.yml,cpu-matrix-shard,rva23s64 thead-c906,step,Build QEMU if the cache missed,52,3,16
2026-10-07,ci.yml,cpu-matrix-shard,rva23s64 thead-c906,step,Cache QEMU,52,2,7
2026-10-07,ci.yml,cpu-matrix-shard,rva23s64 thead-c906,step,Check the job's wall time against its budget,52,0,0
2026-10-07,ci.yml,cpu-matrix-shard,rva23s64 thead-c906,step,Complete job,52,0,1
2026-10-07,ci.yml,cpu-matrix-shard,rva23s64 thead-c906,step,Post Cache QEMU,52,0,1
2026-10-07,ci.yml,cpu-matrix-shard,rva23s64 thead-c906,step,Post Run Swatinem/rust-cache@6323deb102c322ba6fcbdcafc7e3dddab59af2b6,8,3,5
2026-10-07,ci.yml,cpu-matrix-shard,rva23s64 thead-c906,step,Post Run Swatinem/rust-cache@v2,34,4,5
2026-10-07,ci.yml,cpu-matrix-shard,rva23s64 thead-c906,step,Post Run actions/checkout@3d3c42e5aac5ba805825da76410c181273ba90b1,15,0,1
2026-10-07,ci.yml,cpu-matrix-shard,rva23s64 thead-c906,step,Post Run actions/checkout@v7,37,0,1
2026-10-07,ci.yml,cpu-matrix-shard,rva23s64 thead-c906,step,Put it on PATH,52,0,1
2026-10-07,ci.yml,cpu-matrix-shard,rva23s64 thead-c906,step,Run Swatinem/rust-cache@6323deb102c322ba6fcbdcafc7e3dddab59af2b6,8,14,16
2026-10-07,ci.yml,cpu-matrix-shard,rva23s64 thead-c906,step,Run Swatinem/rust-cache@v2,34,14,17
2026-10-07,ci.yml,cpu-matrix-shard,rva23s64 thead-c906,step,Run actions/checkout@3d3c42e5aac5ba805825da76410c181273ba90b1,15,5,29
2026-10-07,ci.yml,cpu-matrix-shard,rva23s64 thead-c906,step,Run actions/checkout@v7,37,5,61
2026-10-07,ci.yml,cpu-matrix-shard,rva23s64 thead-c906,step,Run script/bootstrap,52,4,19
2026-10-07,ci.yml,cpu-matrix-shard,rva23s64 thead-c906,step,Run script/ci-build cpu-matrix,52,512,577
2026-10-07,ci.yml,cpu-matrix-shard,rva23s64 thead-c906,step,Set up job,52,1,3
2026-10-07,ci.yml,cpu-matrix-shard,rva23s64 thead-c906,step,Start the job wall-time clock,52,0,5
2026-10-07,ci.yml,cpu-matrix-shard,rva23s64 thead-c906,step,Summarize where the time went,16,0,1
2026-10-07,ci.yml,cpu-matrix-shard,rva23s64 thead-c906,step,Upload the time record,16,1,2
2026-10-07,ci.yml,fastpath-footprint,,job,,52,48,90
2026-10-07,ci.yml,fastpath-footprint,,step,Check the job's wall time against its budget,52,0,1
2026-10-07,ci.yml,fastpath-footprint,,step,Complete job,52,0,0
2026-10-07,ci.yml,fastpath-footprint,,step,Install the bare-metal targets and llvm-tools,52,18,21
2026-10-07,ci.yml,fastpath-footprint,,step,Post Run actions/checkout@3d3c42e5aac5ba805825da76410c181273ba90b1,15,0,1
2026-10-07,ci.yml,fastpath-footprint,,step,Post Run actions/checkout@v7,37,0,1
2026-10-07,ci.yml,fastpath-footprint,,step,Run actions/checkout@3d3c42e5aac5ba805825da76410c181273ba90b1,15,3,4
2026-10-07,ci.yml,fastpath-footprint,,step,Run actions/checkout@v7,37,4,31
2026-10-07,ci.yml,fastpath-footprint,,step,Run script/ci-build fastpath-footprint,52,22,40
2026-10-07,ci.yml,fastpath-footprint,,step,Set up job,52,1,1
2026-10-07,ci.yml,fastpath-footprint,,step,Start the job wall-time clock,52,0,1
2026-10-07,ci.yml,fmt,,job,,52,37,76
2026-10-07,ci.yml,fmt,,step,Check the job's wall time against its budget,52,0,1
2026-10-07,ci.yml,fmt,,step,Complete job,52,0,1
2026-10-07,ci.yml,fmt,,step,Install rustfmt (pinned nightly),52,8,10
2026-10-07,ci.yml,fmt,,step,Post Run actions/checkout@3d3c42e5aac5ba805825da76410c181273ba90b1,15,0,1
2026-10-07,ci.yml,fmt,,step,Post Run actions/checkout@v7,37,0,1
2026-10-07,ci.yml,fmt,,step,Run actions/checkout@3d3c42e5aac5ba805825da76410c181273ba90b1,15,3,5
2026-10-07,ci.yml,fmt,,step,Run actions/checkout@v7,37,3,44
2026-10-07,ci.yml,fmt,,step,Run script/ci-build fmt,52,21,24
2026-10-07,ci.yml,fmt,,step,Set up job,52,1,2
2026-10-07,ci.yml,fmt,,step,Start the job wall-time clock,52,0,1
2026-10-07,ci.yml,fuzz,,job,,52,715,753
2026-10-07,ci.yml,fuzz,,step,Check the job's wall time against its budget,52,0,1
2026-10-07,ci.yml,fuzz,,step,Complete job,52,0,1
2026-10-07,ci.yml,fuzz,,step,Post Run Swatinem/rust-cache@6323deb102c322ba6fcbdcafc7e3dddab59af2b6,8,2,3
2026-10-07,ci.yml,fuzz,,step,Post Run Swatinem/rust-cache@v2,34,2,4
2026-10-07,ci.yml,fuzz,,step,Post Run actions/checkout@3d3c42e5aac5ba805825da76410c181273ba90b1,15,0,1
2026-10-07,ci.yml,fuzz,,step,Post Run actions/checkout@v7,37,0,1
2026-10-07,ci.yml,fuzz,,step,Run Swatinem/rust-cache@6323deb102c322ba6fcbdcafc7e3dddab59af2b6,8,19,22
2026-10-07,ci.yml,fuzz,,step,Run Swatinem/rust-cache@v2,34,20,22
2026-10-07,ci.yml,fuzz,,step,Run actions/checkout@3d3c42e5aac5ba805825da76410c181273ba90b1,15,6,7
2026-10-07,ci.yml,fuzz,,step,Run actions/checkout@v7,37,5,35
2026-10-07,ci.yml,fuzz,,step,Run script/ci-build fuzz,52,684,704
2026-10-07,ci.yml,fuzz,,step,Set up job,52,1,2
2026-10-07,ci.yml,fuzz,,step,Start the job wall-time clock,52,0,1
2026-10-07,ci.yml,gate,,job,,57,11,90
2026-10-07,ci.yml,gate,,step,Check the job's wall time against its budget,57,0,1
2026-10-07,ci.yml,gate,,step,Complete job,57,0,1
2026-10-07,ci.yml,gate,,step,Is this change prose that no build or test reads?,57,1,2
2026-10-07,ci.yml,gate,,step,Post Run actions/checkout@3d3c42e5aac5ba805825da76410c181273ba90b1,16,0,1
2026-10-07,ci.yml,gate,,step,Post Run actions/checkout@v7,41,0,1
2026-10-07,ci.yml,gate,,step,Run # A′: a push to `main` whose exact commit a merge group already tested. See the comment,57,0,1
2026-10-07,ci.yml,gate,,step,Run actions/checkout@3d3c42e5aac5ba805825da76410c181273ba90b1,16,6,86
2026-10-07,ci.yml,gate,,step,Run actions/checkout@v7,41,6,8
2026-10-07,ci.yml,gate,,step,Set up job,57,1,5
2026-10-07,ci.yml,gate,,step,Start the job wall-time clock,57,0,1
2026-10-07,ci.yml,image-permissions,,job,,52,56,75
2026-10-07,ci.yml,image-permissions,,step,Check the job's wall time against its budget,52,0,1
2026-10-07,ci.yml,image-permissions,,step,Complete job,52,0,1
2026-10-07,ci.yml,image-permissions,,step,Install the bare-metal targets,52,13,17
2026-10-07,ci.yml,image-permissions,,step,Post Run Swatinem/rust-cache@6323deb102c322ba6fcbdcafc7e3dddab59af2b6,8,2,3
2026-10-07,ci.yml,image-permissions,,step,Post Run Swatinem/rust-cache@v2,34,2,4
2026-10-07,ci.yml,image-permissions,,step,Post Run actions/checkout@3d3c42e5aac5ba805825da76410c181273ba90b1,15,1,1
2026-10-07,ci.yml,image-permissions,,step,Post Run actions/checkout@v7,37,0,1
2026-10-07,ci.yml,image-permissions,,step,Run Swatinem/rust-cache@6323deb102c322ba6fcbdcafc7e3dddab59af2b6,8,20,22
2026-10-07,ci.yml,image-permissions,,step,Run Swatinem/rust-cache@v2,34,20,27
2026-10-07,ci.yml,image-permissions,,step,Run actions/checkout@3d3c42e5aac5ba805825da76410c181273ba90b1,15,4,4
2026-10-07,ci.yml,image-permissions,,step,Run actions/checkout@v7,37,3,6
2026-10-07,ci.yml,image-permissions,,step,Run script/ci-build image-permissions,52,14,36
2026-10-07,ci.yml,image-permissions,,step,Set up job,52,1,3
2026-10-07,ci.yml,image-permissions,,step,Start the job wall-time clock,52,0,1
2026-10-07,ci.yml,interleavings,,job,,52,48,73
2026-10-07,ci.yml,interleavings,,step,Check the job's wall time against its budget,52,0,1
2026-10-07,ci.yml,interleavings,,step,Complete job,52,0,1
2026-10-07,ci.yml,interleavings,,step,Post Run Swatinem/rust-cache@6323deb102c322ba6fcbdcafc7e3dddab59af2b6,8,2,2
2026-10-07,ci.yml,interleavings,,step,Post Run Swatinem/rust-cache@v2,34,2,3
2026-10-07,ci.yml,interleavings,,step,Post Run actions/checkout@3d3c42e5aac5ba805825da76410c181273ba90b1,15,0,1
2026-10-07,ci.yml,interleavings,,step,Post Run actions/checkout@v7,37,0,1
2026-10-07,ci.yml,interleavings,,step,Run Swatinem/rust-cache@6323deb102c322ba6fcbdcafc7e3dddab59af2b6,8,20,24
2026-10-07,ci.yml,interleavings,,step,Run Swatinem/rust-cache@v2,34,20,28
2026-10-07,ci.yml,interleavings,,step,Run actions/checkout@3d3c42e5aac5ba805825da76410c181273ba90b1,15,6,20
2026-10-07,ci.yml,interleavings,,step,Run actions/checkout@v7,37,6,38
2026-10-07,ci.yml,interleavings,,step,Run script/interleaving-check,52,17,36
2026-10-07,ci.yml,interleavings,,step,Set up job,52,1,2
2026-10-07,ci.yml,interleavings,,step,Start the job wall-time clock,52,0,1
2026-10-07,ci.yml,stack-frame-check,,job,,52,118,167
2026-10-07,ci.yml,stack-frame-check,,step,Check the job's wall time against its budget,52,0,1
2026-10-07,ci.yml,stack-frame-check,,step,Complete job,52,0,1
2026-10-07,ci.yml,stack-frame-check,,step,Install the bare-metal targets and llvm-tools,52,15,19
2026-10-07,ci.yml,stack-frame-check,,step,Post Run Swatinem/rust-cache@6323deb102c322ba6fcbdcafc7e3dddab59af2b6,8,2,3
2026-10-07,ci.yml,stack-frame-check,,step,Post Run Swatinem/rust-cache@v2,34,2,4
2026-10-07,ci.yml,stack-frame-check,,step,Post Run actions/checkout@3d3c42e5aac5ba805825da76410c181273ba90b1,15,0,1
2026-10-07,ci.yml,stack-frame-check,,step,Post Run actions/checkout@v7,37,0,1
2026-10-07,ci.yml,stack-frame-check,,step,Run Swatinem/rust-cache@6323deb102c322ba6fcbdcafc7e3dddab59af2b6,8,20,22
2026-10-07,ci.yml,stack-frame-check,,step,Run Swatinem/rust-cache@v2,34,19,27
2026-10-07,ci.yml,stack-frame-check,,step,Run actions/checkout@3d3c42e5aac5ba805825da76410c181273ba90b1,15,3,48
2026-10-07,ci.yml,stack-frame-check,,step,Run actions/checkout@v7,37,3,29
2026-10-07,ci.yml,stack-frame-check,,step,Run script/ci-build stack-depth-check,52,49,55
2026-10-07,ci.yml,stack-frame-check,,step,Run script/ci-build stack-frame-check,52,25,47
2026-10-07,ci.yml,stack-frame-check,,step,Set up job,52,1,2
2026-10-07,ci.yml,stack-frame-check,,step,Start the job wall-time clock,52,0,1
2026-10-07,ci.yml,supply-chain,,job,,52,35,43
2026-10-07,ci.yml,supply-chain,,step,Cache the vendored tarballs,52,1,2
2026-10-07,ci.yml,supply-chain,,step,Check the job's wall time against its budget,52,0,1
2026-10-07,ci.yml,supply-chain,,step,Complete job,52,0,1
2026-10-07,ci.yml,supply-chain,,step,Post Cache the vendored tarballs,52,0,1
2026-10-07,ci.yml,supply-chain,,step,Post Run Swatinem/rust-cache@6323deb102c322ba6fcbdcafc7e3dddab59af2b6,8,2,2
2026-10-07,ci.yml,supply-chain,,step,Post Run Swatinem/rust-cache@v2,34,2,3
2026-10-07,ci.yml,supply-chain,,step,Post Run actions/checkout@3d3c42e5aac5ba805825da76410c181273ba90b1,15,0,1
2026-10-07,ci.yml,supply-chain,,step,Post Run actions/checkout@v7,37,0,1
2026-10-07,ci.yml,supply-chain,,step,Read the pinned cargo-deny version,52,0,1
2026-10-07,ci.yml,supply-chain,,step,Run Swatinem/rust-cache@6323deb102c322ba6fcbdcafc7e3dddab59af2b6,8,19,24
2026-10-07,ci.yml,supply-chain,,step,Run Swatinem/rust-cache@v2,34,19,28
2026-10-07,ci.yml,supply-chain,,step,Run actions/checkout@3d3c42e5aac5ba805825da76410c181273ba90b1,15,3,4
2026-10-07,ci.yml,supply-chain,,step,Run actions/checkout@v7,37,3,5
2026-10-07,ci.yml,supply-chain,,step,Run script/ci-build supply-chain,52,5,26
2026-10-07,ci.yml,supply-chain,,step,Run taiki-e/install-action@83ac0ad63c0167e6f06796fab0fce28db1bf3db0,15,1,1
2026-10-07,ci.yml,supply-chain,,step,Run taiki-e/install-action@v2.87.22,37,1,1
2026-10-07,ci.yml,supply-chain,,step,Set up job,52,2,4
2026-10-07,ci.yml,supply-chain,,step,Start the job wall-time clock,52,0,1
2026-10-07,ci.yml,swish-check,,job,,52,251,321
2026-10-07,ci.yml,swish-check,,step,Build QEMU if the cache missed,52,3,25
2026-10-07,ci.yml,swish-check,,step,Cache QEMU,52,2,4
2026-10-07,ci.yml,swish-check,,step,Check the job's wall time against its budget,52,0,0
2026-10-07,ci.yml,swish-check,,step,Complete job,52,0,1
2026-10-07,ci.yml,swish-check,,step,Post Cache QEMU,51,0,1
2026-10-07,ci.yml,swish-check,,step,Post Run Swatinem/rust-cache@6323deb102c322ba6fcbdcafc7e3dddab59af2b6,8,4,6
2026-10-07,ci.yml,swish-check,,step,Post Run Swatinem/rust-cache@v2,33,4,6
2026-10-07,ci.yml,swish-check,,step,Post Run actions/checkout@3d3c42e5aac5ba805825da76410c181273ba90b1,15,0,1
2026-10-07,ci.yml,swish-check,,step,Post Run actions/checkout@v7,37,0,1
2026-10-07,ci.yml,swish-check,,step,Put it on PATH,52,0,0
2026-10-07,ci.yml,swish-check,,step,Run Swatinem/rust-cache@6323deb102c322ba6fcbdcafc7e3dddab59af2b6,8,14,17
2026-10-07,ci.yml,swish-check,,step,Run Swatinem/rust-cache@v2,34,15,18
2026-10-07,ci.yml,swish-check,,step,Run actions/checkout@3d3c42e5aac5ba805825da76410c181273ba90b1,15,5,17
2026-10-07,ci.yml,swish-check,,step,Run actions/checkout@v7,37,5,79
2026-10-07,ci.yml,swish-check,,step,Run script/bootstrap,52,4,25
2026-10-07,ci.yml,swish-check,,step,Run script/ci-build swish-check-aarch64-riscv64,52,214,234
2026-10-07,ci.yml,swish-check,,step,Set up job,52,1,2
2026-10-07,ci.yml,swish-check,,step,Start the job wall-time clock,52,0,1
2026-10-07,ci.yml,swish-check-x86_64,,job,,52,238,277
2026-10-07,ci.yml,swish-check-x86_64,,step,Build QEMU if the cache missed,52,2,8
2026-10-07,ci.yml,swish-check-x86_64,,step,Cache QEMU,52,2,7
2026-10-07,ci.yml,swish-check-x86_64,,step,Check the job's wall time against its budget,52,0,1
2026-10-07,ci.yml,swish-check-x86_64,,step,Complete job,52,0,1
2026-10-07,ci.yml,swish-check-x86_64,,step,Open /dev/kvm to the runner user,52,0,0
2026-10-07,ci.yml,swish-check-x86_64,,step,Post Cache QEMU,52,0,1
2026-10-07,ci.yml,swish-check-x86_64,,step,Post Run Swatinem/rust-cache@6323deb102c322ba6fcbdcafc7e3dddab59af2b6,8,4,4
2026-10-07,ci.yml,swish-check-x86_64,,step,Post Run Swatinem/rust-cache@v2,34,4,5
2026-10-07,ci.yml,swish-check-x86_64,,step,Post Run actions/checkout@3d3c42e5aac5ba805825da76410c181273ba90b1,15,0,1
2026-10-07,ci.yml,swish-check-x86_64,,step,Post Run actions/checkout@v7,37,0,1
2026-10-07,ci.yml,swish-check-x86_64,,step,Put it on PATH,52,0,0
2026-10-07,ci.yml,swish-check-x86_64,,step,Run Swatinem/rust-cache@6323deb102c322ba6fcbdcafc7e3dddab59af2b6,8,20,25
2026-10-07,ci.yml,swish-check-x86_64,,step,Run Swatinem/rust-cache@v2,34,20,23
2026-10-07,ci.yml,swish-check-x86_64,,step,Run actions/checkout@3d3c42e5aac5ba805825da76410c181273ba90b1,15,6,68
2026-10-07,ci.yml,swish-check-x86_64,,step,Run actions/checkout@v7,37,5,41
2026-10-07,ci.yml,swish-check-x86_64,,step,Run script/bootstrap,52,5,27
2026-10-07,ci.yml,swish-check-x86_64,,step,Run script/ci-build swish-check-x86_64,52,196,211
2026-10-07,ci.yml,swish-check-x86_64,,step,Set up job,52,1,2
2026-10-07,ci.yml,swish-check-x86_64,,step,Start the job wall-time clock,52,0,1
2026-10-07,ci.yml,test,,job,,52,770,847
2026-10-07,ci.yml,test,,step,Build QEMU if the cache missed,52,2,12
2026-10-07,ci.yml,test,,step,Cache QEMU,52,2,5
2026-10-07,ci.yml,test,,step,Check the job's wall time against its budget,52,0,1
2026-10-07,ci.yml,test,,step,Complete job,52,0,0
2026-10-07,ci.yml,test,,step,Post Cache QEMU,52,0,1
2026-10-07,ci.yml,test,,step,Post Run Swatinem/rust-cache@6323deb102c322ba6fcbdcafc7e3dddab59af2b6,8,5,6
2026-10-07,ci.yml,test,,step,Post Run Swatinem/rust-cache@v2,34,4,11
2026-10-07,ci.yml,test,,step,Post Run actions/checkout@3d3c42e5aac5ba805825da76410c181273ba90b1,15,0,1
2026-10-07,ci.yml,test,,step,Post Run actions/checkout@v7,37,0,1
2026-10-07,ci.yml,test,,step,Put it on PATH,52,0,1
2026-10-07,ci.yml,test,,step,Run Swatinem/rust-cache@6323deb102c322ba6fcbdcafc7e3dddab59af2b6,8,14,18
2026-10-07,ci.yml,test,,step,Run Swatinem/rust-cache@v2,34,14,17
2026-10-07,ci.yml,test,,step,Run actions/checkout@3d3c42e5aac5ba805825da76410c181273ba90b1,15,5,7
2026-10-07,ci.yml,test,,step,Run actions/checkout@v7,37,5,39
2026-10-07,ci.yml,test,,step,Run script/bootstrap,52,3,25
2026-10-07,ci.yml,test,,step,Run script/ci-build test,52,728,799
2026-10-07,ci.yml,test,,step,Set up job,52,1,2
2026-10-07,ci.yml,test,,step,Start the job wall-time clock,52,0,1
2026-10-07,ci.yml,test,,step,Summarize where the time went,16,0,0
2026-10-07,ci.yml,test,,step,Upload the time record,16,1,2
2026-10-07,ci.yml,watchdog,,job,,52,11,489
2026-10-07,ci.yml,watchdog,,step,Build QEMU if the cache missed,14,2,5
2026-10-07,ci.yml,watchdog,,step,Cache QEMU,14,2,5
2026-10-07,ci.yml,watchdog,,step,Check the job's wall time against its budget,52,0,1
2026-10-07,ci.yml,watchdog,,step,Complete job,52,0,0
2026-10-07,ci.yml,watchdog,,step,Does this change touch the watchdog?,52,0,1
2026-10-07,ci.yml,watchdog,,step,Post Cache QEMU,14,0,1
2026-10-07,ci.yml,watchdog,,step,Post Run Swatinem/rust-cache@6323deb102c322ba6fcbdcafc7e3dddab59af2b6,4,3,4
2026-10-07,ci.yml,watchdog,,step,Post Run Swatinem/rust-cache@v2,6,2,3
2026-10-07,ci.yml,watchdog,,step,Post Run actions/checkout@3d3c42e5aac5ba805825da76410c181273ba90b1,15,0,1
2026-10-07,ci.yml,watchdog,,step,Post Run actions/checkout@v7,37,0,1
2026-10-07,ci.yml,watchdog,,step,Put it on PATH,14,0,1
2026-10-07,ci.yml,watchdog,,step,Run Swatinem/rust-cache@6323deb102c322ba6fcbdcafc7e3dddab59af2b6,4,14,15
2026-10-07,ci.yml,watchdog,,step,Run Swatinem/rust-cache@v2,6,15,18
2026-10-07,ci.yml,watchdog,,step,Run actions/checkout@3d3c42e5aac5ba805825da76410c181273ba90b1,15,6,38
2026-10-07,ci.yml,watchdog,,step,Run actions/checkout@v7,37,5,83
2026-10-07,ci.yml,watchdog,,step,Run script/bootstrap,14,90,103
2026-10-07,ci.yml,watchdog,,step,Run script/ci-build watchdog-check,14,297,300
2026-10-07,ci.yml,watchdog,,step,Set up job,52,1,3
2026-10-07,ci.yml,watchdog,,step,Start the job wall-time clock,52,0,1
2026-10-07,verify.yml,falsify,,job,,59,3,5
2026-10-07,verify.yml,falsify,,step,Complete job,59,0,1
2026-10-07,verify.yml,falsify,,step,Report the shards' combined result,59,0,1
2026-10-07,verify.yml,falsify,,step,Set up job,59,0,1
2026-10-07,verify.yml,falsify-shard,1 1,job,,3,71,74
2026-10-07,verify.yml,falsify-shard,1 1,step,Complete job,3,0,0
2026-10-07,verify.yml,falsify-shard,1 1,step,Install Kani,3,11,12
2026-10-07,verify.yml,falsify-shard,1 1,step,Post Run Swatinem/rust-cache@6323deb102c322ba6fcbdcafc7e3dddab59af2b6,2,1,2
2026-10-07,verify.yml,falsify-shard,1 1,step,Post Run Swatinem/rust-cache@v2,1,2,2
2026-10-07,verify.yml,falsify-shard,1 1,step,Post Run actions/checkout@3d3c42e5aac5ba805825da76410c181273ba90b1,2,0,1
2026-10-07,verify.yml,falsify-shard,1 1,step,Post Run actions/checkout@v7,1,0,0
2026-10-07,verify.yml,falsify-shard,1 1,step,Run Swatinem/rust-cache@6323deb102c322ba6fcbdcafc7e3dddab59af2b6,2,16,20
2026-10-07,verify.yml,falsify-shard,1 1,step,Run Swatinem/rust-cache@v2,1,18,18
2026-10-07,verify.yml,falsify-shard,1 1,step,Run actions/checkout@3d3c42e5aac5ba805825da76410c181273ba90b1,2,6,7
2026-10-07,verify.yml,falsify-shard,1 1,step,Run actions/checkout@v7,1,5,5
2026-10-07,verify.yml,falsify-shard,1 1,step,Set up job,3,1,1
2026-10-07,verify.yml,falsify-shard,1 1,step,script/falsifications --affected-since --shard,3,33,35
2026-10-07,verify.yml,falsify-shard,1 3,job,,6,1376,1413
2026-10-07,verify.yml,falsify-shard,1 3,step,Complete job,6,0,0
2026-10-07,verify.yml,falsify-shard,1 3,step,Install Kani,6,12,17
2026-10-07,verify.yml,falsify-shard,1 3,step,Post Run Swatinem/rust-cache@v2,6,1,1
2026-10-07,verify.yml,falsify-shard,1 3,step,Post Run actions/checkout@v7,6,0,1
2026-10-07,verify.yml,falsify-shard,1 3,step,Run Swatinem/rust-cache@v2,6,14,16
2026-10-07,verify.yml,falsify-shard,1 3,step,Run actions/checkout@v7,6,5,6
2026-10-07,verify.yml,falsify-shard,1 3,step,Set up job,6,1,1
2026-10-07,verify.yml,falsify-shard,1 3,step,script/falsifications --affected-since --shard,6,1340,1380
2026-10-07,verify.yml,falsify-shard,1 4,job,,12,1029,1150
2026-10-07,verify.yml,falsify-shard,1 4,step,Complete job,12,0,0
2026-10-07,verify.yml,falsify-shard,1 4,step,Install Kani,12,12,17
2026-10-07,verify.yml,falsify-shard,1 4,step,Post Run Swatinem/rust-cache@6323deb102c322ba6fcbdcafc7e3dddab59af2b6,6,0,1
2026-10-07,verify.yml,falsify-shard,1 4,step,Post Run Swatinem/rust-cache@v2,6,1,3
2026-10-07,verify.yml,falsify-shard,1 4,step,Post Run actions/checkout@3d3c42e5aac5ba805825da76410c181273ba90b1,6,0,1
2026-10-07,verify.yml,falsify-shard,1 4,step,Post Run actions/checkout@v7,6,0,1
2026-10-07,verify.yml,falsify-shard,1 4,step,Run Swatinem/rust-cache@6323deb102c322ba6fcbdcafc7e3dddab59af2b6,6,14,20
2026-10-07,verify.yml,falsify-shard,1 4,step,Run Swatinem/rust-cache@v2,6,15,17
2026-10-07,verify.yml,falsify-shard,1 4,step,Run actions/checkout@3d3c42e5aac5ba805825da76410c181273ba90b1,6,6,53
2026-10-07,verify.yml,falsify-shard,1 4,step,Run actions/checkout@v7,6,5,6
2026-10-07,verify.yml,falsify-shard,1 4,step,Set up job,12,1,2
2026-10-07,verify.yml,falsify-shard,1 4,step,script/falsifications --affected-since --shard,12,995,1059
2026-10-07,verify.yml,falsify-shard,2 3,job,,6,1292,1506
2026-10-07,verify.yml,falsify-shard,2 3,step,Complete job,6,0,1
2026-10-07,verify.yml,falsify-shard,2 3,step,Install Kani,6,12,16
2026-10-07,verify.yml,falsify-shard,2 3,step,Post Run Swatinem/rust-cache@v2,6,1,1
2026-10-07,verify.yml,falsify-shard,2 3,step,Post Run actions/checkout@v7,6,0,1
2026-10-07,verify.yml,falsify-shard,2 3,step,Run Swatinem/rust-cache@v2,6,15,21
2026-10-07,verify.yml,falsify-shard,2 3,step,Run actions/checkout@v7,6,5,5
2026-10-07,verify.yml,falsify-shard,2 3,step,Set up job,6,1,1
2026-10-07,verify.yml,falsify-shard,2 3,step,script/falsifications --affected-since --shard,6,1256,1469
2026-10-07,verify.yml,falsify-shard,2 4,job,,12,1014,1053
2026-10-07,verify.yml,falsify-shard,2 4,step,Complete job,12,0,0
2026-10-07,verify.yml,falsify-shard,2 4,step,Install Kani,12,12,17
2026-10-07,verify.yml,falsify-shard,2 4,step,Post Run Swatinem/rust-cache@6323deb102c322ba6fcbdcafc7e3dddab59af2b6,6,0,3
2026-10-07,verify.yml,falsify-shard,2 4,step,Post Run Swatinem/rust-cache@v2,6,1,2
2026-10-07,verify.yml,falsify-shard,2 4,step,Post Run actions/checkout@3d3c42e5aac5ba805825da76410c181273ba90b1,6,0,1
2026-10-07,verify.yml,falsify-shard,2 4,step,Post Run actions/checkout@v7,6,0,1
2026-10-07,verify.yml,falsify-shard,2 4,step,Run Swatinem/rust-cache@6323deb102c322ba6fcbdcafc7e3dddab59af2b6,6,15,16
2026-10-07,verify.yml,falsify-shard,2 4,step,Run Swatinem/rust-cache@v2,6,14,16
2026-10-07,verify.yml,falsify-shard,2 4,step,Run actions/checkout@3d3c42e5aac5ba805825da76410c181273ba90b1,6,6,6
2026-10-07,verify.yml,falsify-shard,2 4,step,Run actions/checkout@v7,6,6,7
2026-10-07,verify.yml,falsify-shard,2 4,step,Set up job,12,1,2
2026-10-07,verify.yml,falsify-shard,2 4,step,script/falsifications --affected-since --shard,12,974,1017
2026-10-07,verify.yml,falsify-shard,3 3,job,,6,1198,1258
2026-10-07,verify.yml,falsify-shard,3 3,step,Complete job,6,0,0
2026-10-07,verify.yml,falsify-shard,3 3,step,Install Kani,6,12,17
2026-10-07,verify.yml,falsify-shard,3 3,step,Post Run Swatinem/rust-cache@v2,6,2,9
2026-10-07,verify.yml,falsify-shard,3 3,step,Post Run actions/checkout@v7,6,0,1
2026-10-07,verify.yml,falsify-shard,3 3,step,Run Swatinem/rust-cache@v2,6,14,17
2026-10-07,verify.yml,falsify-shard,3 3,step,Run actions/checkout@v7,6,5,6
2026-10-07,verify.yml,falsify-shard,3 3,step,Set up job,6,1,2
2026-10-07,verify.yml,falsify-shard,3 3,step,script/falsifications --affected-since --shard,6,1156,1223
2026-10-07,verify.yml,falsify-shard,3 4,job,,12,893,978
2026-10-07,verify.yml,falsify-shard,3 4,step,Complete job,12,0,0
2026-10-07,verify.yml,falsify-shard,3 4,step,Install Kani,12,12,14
2026-10-07,verify.yml,falsify-shard,3 4,step,Post Run Swatinem/rust-cache@6323deb102c322ba6fcbdcafc7e3dddab59af2b6,6,0,2
2026-10-07,verify.yml,falsify-shard,3 4,step,Post Run Swatinem/rust-cache@v2,6,1,1
2026-10-07,verify.yml,falsify-shard,3 4,step,Post Run actions/checkout@3d3c42e5aac5ba805825da76410c181273ba90b1,6,0,1
2026-10-07,verify.yml,falsify-shard,3 4,step,Post Run actions/checkout@v7,6,0,1
2026-10-07,verify.yml,falsify-shard,3 4,step,Run Swatinem/rust-cache@6323deb102c322ba6fcbdcafc7e3dddab59af2b6,6,14,15
2026-10-07,verify.yml,falsify-shard,3 4,step,Run Swatinem/rust-cache@v2,6,15,16
2026-10-07,verify.yml,falsify-shard,3 4,step,Run actions/checkout@3d3c42e5aac5ba805825da76410c181273ba90b1,6,5,6
2026-10-07,verify.yml,falsify-shard,3 4,step,Run actions/checkout@v7,6,6,97
2026-10-07,verify.yml,falsify-shard,3 4,step,Set up job,12,1,2
2026-10-07,verify.yml,falsify-shard,3 4,step,script/falsifications --affected-since --shard,12,849,915
2026-10-07,verify.yml,falsify-shard,4 4,job,,12,900,948
2026-10-07,verify.yml,falsify-shard,4 4,step,Complete job,12,0,0
2026-10-07,verify.yml,falsify-shard,4 4,step,Install Kani,12,12,14
2026-10-07,verify.yml,falsify-shard,4 4,step,Post Run Swatinem/rust-cache@6323deb102c322ba6fcbdcafc7e3dddab59af2b6,6,0,2
2026-10-07,verify.yml,falsify-shard,4 4,step,Post Run Swatinem/rust-cache@v2,6,0,3
2026-10-07,verify.yml,falsify-shard,4 4,step,Post Run actions/checkout@3d3c42e5aac5ba805825da76410c181273ba90b1,6,0,1
2026-10-07,verify.yml,falsify-shard,4 4,step,Post Run actions/checkout@v7,6,0,1
2026-10-07,verify.yml,falsify-shard,4 4,step,Run Swatinem/rust-cache@6323deb102c322ba6fcbdcafc7e3dddab59af2b6,6,15,17
2026-10-07,verify.yml,falsify-shard,4 4,step,Run Swatinem/rust-cache@v2,6,15,17
2026-10-07,verify.yml,falsify-shard,4 4,step,Run actions/checkout@3d3c42e5aac5ba805825da76410c181273ba90b1,6,6,6
2026-10-07,verify.yml,falsify-shard,4 4,step,Run actions/checkout@v7,6,5,38
2026-10-07,verify.yml,falsify-shard,4 4,step,Set up job,12,1,2
2026-10-07,verify.yml,falsify-shard,4 4,step,script/falsifications --affected-since --shard,12,864,909
2026-10-07,verify.yml,gate,,job,,59,11,115
2026-10-07,verify.yml,gate,,step,Complete job,59,0,1
2026-10-07,verify.yml,gate,,step,Is this change prose that no build or test reads?,59,1,2
2026-10-07,verify.yml,gate,,step,Post Run actions/checkout@3d3c42e5aac5ba805825da76410c181273ba90b1,18,0,1
2026-10-07,verify.yml,gate,,step,Post Run actions/checkout@v7,41,0,1
2026-10-07,verify.yml,gate,,step,Run # A′: a push to `main` whose exact commit a merge group already tested. See the comment,59,0,1
2026-10-07,verify.yml,gate,,step,Run actions/checkout@3d3c42e5aac5ba805825da76410c181273ba90b1,18,6,7
2026-10-07,verify.yml,gate,,step,Run actions/checkout@v7,41,6,111
2026-10-07,verify.yml,gate,,step,Set up job,59,0,1
2026-10-07,verify.yml,prove,1,job,,21,911,1106
2026-10-07,verify.yml,prove,1,step,Complete job,21,0,0
2026-10-07,verify.yml,prove,1,step,Install Kani,21,14,17
2026-10-07,verify.yml,prove,1,step,Post Run Swatinem/rust-cache@6323deb102c322ba6fcbdcafc7e3dddab59af2b6,11,2,3
2026-10-07,verify.yml,prove,1,step,Post Run Swatinem/rust-cache@v2,10,2,3
2026-10-07,verify.yml,prove,1,step,Post Run actions/checkout@3d3c42e5aac5ba805825da76410c181273ba90b1,11,0,0
2026-10-07,verify.yml,prove,1,step,Post Run actions/checkout@v7,10,0,1
2026-10-07,verify.yml,prove,1,step,Run Swatinem/rust-cache@6323deb102c322ba6fcbdcafc7e3dddab59af2b6,11,19,23
2026-10-07,verify.yml,prove,1,step,Run Swatinem/rust-cache@v2,10,18,19
2026-10-07,verify.yml,prove,1,step,Run actions/checkout@3d3c42e5aac5ba805825da76410c181273ba90b1,11,3,5
2026-10-07,verify.yml,prove,1,step,Run actions/checkout@v7,10,3,4
2026-10-07,verify.yml,prove,1,step,Set up job,21,1,2
2026-10-07,verify.yml,prove,1,step,script/verify --shard 1/3,21,867,1063
2026-10-07,verify.yml,prove,2,job,,21,1015,1141
2026-10-07,verify.yml,prove,2,step,Complete job,21,0,0
2026-10-07,verify.yml,prove,2,step,Install Kani,21,15,17
2026-10-07,verify.yml,prove,2,step,Post Run Swatinem/rust-cache@6323deb102c322ba6fcbdcafc7e3dddab59af2b6,11,1,2
2026-10-07,verify.yml,prove,2,step,Post Run Swatinem/rust-cache@v2,10,1,1
2026-10-07,verify.yml,prove,2,step,Post Run actions/checkout@3d3c42e5aac5ba805825da76410c181273ba90b1,11,0,1
2026-10-07,verify.yml,prove,2,step,Post Run actions/checkout@v7,10,0,1
2026-10-07,verify.yml,prove,2,step,Run Swatinem/rust-cache@6323deb102c322ba6fcbdcafc7e3dddab59af2b6,11,20,24
2026-10-07,verify.yml,prove,2,step,Run Swatinem/rust-cache@v2,10,20,23
2026-10-07,verify.yml,prove,2,step,Run actions/checkout@3d3c42e5aac5ba805825da76410c181273ba90b1,11,3,4
2026-10-07,verify.yml,prove,2,step,Run actions/checkout@v7,10,4,4
2026-10-07,verify.yml,prove,2,step,Set up job,21,1,2
2026-10-07,verify.yml,prove,2,step,script/verify --shard 2/3,21,971,1095
2026-10-07,verify.yml,prove,3,job,,21,987,1115
2026-10-07,verify.yml,prove,3,step,Complete job,21,0,1
2026-10-07,verify.yml,prove,3,step,Install Kani,21,15,17
2026-10-07,verify.yml,prove,3,step,Post Run Swatinem/rust-cache@6323deb102c322ba6fcbdcafc7e3dddab59af2b6,11,1,2
2026-10-07,verify.yml,prove,3,step,Post Run Swatinem/rust-cache@v2,10,1,2
2026-10-07,verify.yml,prove,3,step,Post Run actions/checkout@3d3c42e5aac5ba805825da76410c181273ba90b1,11,1,1
2026-10-07,verify.yml,prove,3,step,Post Run actions/checkout@v7,10,0,1
2026-10-07,verify.yml,prove,3,step,Run Swatinem/rust-cache@6323deb102c322ba6fcbdcafc7e3dddab59af2b6,11,19,23
2026-10-07,verify.yml,prove,3,step,Run Swatinem/rust-cache@v2,10,20,23
2026-10-07,verify.yml,prove,3,step,Run actions/checkout@3d3c42e5aac5ba805825da76410c181273ba90b1,11,3,42
2026-10-07,verify.yml,prove,3,step,Run actions/checkout@v7,10,3,40
2026-10-07,verify.yml,prove,3,step,Set up job,21,1,2
2026-10-07,verify.yml,prove,3,step,script/verify --shard 3/3,21,945,1073
2026-10-07,verify.yml,prove-kernel-aarch64,,job,,27,44,95
2026-10-07,verify.yml,prove-kernel-aarch64,,step,Complete job,27,0,1
2026-10-07,verify.yml,prove-kernel-aarch64,,step,Install Kani,27,13,36
2026-10-07,verify.yml,prove-kernel-aarch64,,step,Post Run Swatinem/rust-cache@6323deb102c322ba6fcbdcafc7e3dddab59af2b6,6,2,2
2026-10-07,verify.yml,prove-kernel-aarch64,,step,Post Run Swatinem/rust-cache@v2,13,1,5
2026-10-07,verify.yml,prove-kernel-aarch64,,step,Post Run actions/checkout@3d3c42e5aac5ba805825da76410c181273ba90b1,11,0,1
2026-10-07,verify.yml,prove-kernel-aarch64,,step,Post Run actions/checkout@v7,16,0,1
2026-10-07,verify.yml,prove-kernel-aarch64,,step,Run Swatinem/rust-cache@6323deb102c322ba6fcbdcafc7e3dddab59af2b6,6,14,16
2026-10-07,verify.yml,prove-kernel-aarch64,,step,Run Swatinem/rust-cache@v2,13,14,27
2026-10-07,verify.yml,prove-kernel-aarch64,,step,Run actions/checkout@3d3c42e5aac5ba805825da76410c181273ba90b1,11,3,6
2026-10-07,verify.yml,prove-kernel-aarch64,,step,Run actions/checkout@v7,16,3,18
2026-10-07,verify.yml,prove-kernel-aarch64,,step,Set up job,27,1,2
2026-10-07,verify.yml,prove-kernel-aarch64,,step,script/verify --only kernel,27,11,12
2026-10-07,verify.yml,prove-kernel-riscv64,,job,,27,49,78
2026-10-07,verify.yml,prove-kernel-riscv64,,step,Build the patched Kani if the cache missed,27,13,16
2026-10-07,verify.yml,prove-kernel-riscv64,,step,Cache the patched Kani,27,2,8
2026-10-07,verify.yml,prove-kernel-riscv64,,step,Complete job,27,0,1
2026-10-07,verify.yml,prove-kernel-riscv64,,step,Name the carried Kani patch,27,0,1
2026-10-07,verify.yml,prove-kernel-riscv64,,step,Post Cache the patched Kani,27,0,1
2026-10-07,verify.yml,prove-kernel-riscv64,,step,Post Run Swatinem/rust-cache@6323deb102c322ba6fcbdcafc7e3dddab59af2b6,6,2,3
2026-10-07,verify.yml,prove-kernel-riscv64,,step,Post Run Swatinem/rust-cache@v2,13,1,2
2026-10-07,verify.yml,prove-kernel-riscv64,,step,Post Run actions/checkout@3d3c42e5aac5ba805825da76410c181273ba90b1,11,0,0
2026-10-07,verify.yml,prove-kernel-riscv64,,step,Post Run actions/checkout@v7,16,0,2
2026-10-07,verify.yml,prove-kernel-riscv64,,step,Run Swatinem/rust-cache@6323deb102c322ba6fcbdcafc7e3dddab59af2b6,6,14,22
2026-10-07,verify.yml,prove-kernel-riscv64,,step,Run Swatinem/rust-cache@v2,13,14,16
2026-10-07,verify.yml,prove-kernel-riscv64,,step,Run actions/checkout@3d3c42e5aac5ba805825da76410c181273ba90b1,11,3,5
2026-10-07,verify.yml,prove-kernel-riscv64,,step,Run actions/checkout@v7,16,3,22
2026-10-07,verify.yml,prove-kernel-riscv64,,step,Set up job,27,1,2
2026-10-07,verify.yml,prove-kernel-riscv64,,step,script/verify-riscv64,27,9,24
2026-10-07,verify.yml,scope,,job,,54,27,65
2026-10-07,verify.yml,scope,,step,Complete job,54,0,1
2026-10-07,verify.yml,scope,,step,Does this change need the proofs?,54,1,23
2026-10-07,verify.yml,scope,,step,Plan the re-falsify shards,27,1,23
2026-10-07,verify.yml,scope,,step,Post Run actions/checkout@3d3c42e5aac5ba805825da76410c181273ba90b1,17,0,1
2026-10-07,verify.yml,scope,,step,Post Run actions/checkout@v7,37,0,1
2026-10-07,verify.yml,scope,,step,Run actions/checkout@3d3c42e5aac5ba805825da76410c181273ba90b1,17,7,56
2026-10-07,verify.yml,scope,,step,Run actions/checkout@v7,37,5,43
2026-10-07,verify.yml,scope,,step,Set up job,54,1,2
2026-10-07,verify.yml,verify,,job,,53,3,12
2026-10-07,verify.yml,verify,,step,Complete job,53,0,1
2026-10-07,verify.yml,verify,,step,Report the shards' combined result,53,0,1
2026-10-07,verify.yml,verify,,step,Set up job,53,0,1
2026-10-08,ci.yml,bench,,job,,34,100,119
2026-10-08,ci.yml,bench,,step,Build QEMU if the cache missed,34,2,8
2026-10-08,ci.yml,bench,,step,Cache QEMU,34,3,7
2026-10-08,ci.yml,bench,,step,Check the job's wall time against its budget,34,0,0
2026-10-08,ci.yml,bench,,step,Complete job,34,0,1
2026-10-08,ci.yml,bench,,step,Post Cache QEMU,34,0,1
2026-10-08,ci.yml,bench,,step,Post Run actions/checkout@3d3c42e5aac5ba805825da76410c181273ba90b1,34,0,1
2026-10-08,ci.yml,bench,,step,Put it on PATH,34,0,1
2026-10-08,ci.yml,bench,,step,Run actions/checkout@3d3c42e5aac5ba805825da76410c181273ba90b1,34,6,8
2026-10-08,ci.yml,bench,,step,Run script/bootstrap,34,22,28
2026-10-08,ci.yml,bench,,step,Run script/ci-build bench,34,53,62
2026-10-08,ci.yml,bench,,step,Run script/ci-build icount,34,9,11
2026-10-08,ci.yml,bench,,step,Set up job,34,1,2
2026-10-08,ci.yml,bench,,step,Start the job wall-time clock,34,0,1
2026-10-08,ci.yml,boot-check,,job,,34,88,104
2026-10-08,ci.yml,boot-check,,step,Build QEMU if the cache missed,34,2,11
2026-10-08,ci.yml,boot-check,,step,Cache QEMU,34,2,4
2026-10-08,ci.yml,boot-check,,step,Check the job's wall time against its budget,34,0,1
2026-10-08,ci.yml,boot-check,,step,Complete job,34,0,1
2026-10-08,ci.yml,boot-check,,step,Post Cache QEMU,34,0,1
2026-10-08,ci.yml,boot-check,,step,Post Run actions/checkout@3d3c42e5aac5ba805825da76410c181273ba90b1,34,0,1
2026-10-08,ci.yml,boot-check,,step,Put it on PATH,34,0,1
2026-10-08,ci.yml,boot-check,,step,Run actions/checkout@3d3c42e5aac5ba805825da76410c181273ba90b1,34,5,6
2026-10-08,ci.yml,boot-check,,step,Run script/bootstrap,34,18,22
2026-10-08,ci.yml,boot-check,,step,Run script/ci-build boot-check,34,57,62
2026-10-08,ci.yml,boot-check,,step,Set up job,34,1,1
2026-10-08,ci.yml,boot-check,,step,Start the job wall-time clock,34,0,1
2026-10-08,ci.yml,boot-file-size-check,,job,,34,62,72
2026-10-08,ci.yml,boot-file-size-check,,step,Check the job's wall time against its budget,34,0,1
2026-10-08,ci.yml,boot-file-size-check,,step,Complete job,34,0,0
2026-10-08,ci.yml,boot-file-size-check,,step,Install the targets and llvm-tools,34,18,22
2026-10-08,ci.yml,boot-file-size-check,,step,Post Run actions/checkout@3d3c42e5aac5ba805825da76410c181273ba90b1,34,0,1
2026-10-08,ci.yml,boot-file-size-check,,step,Run actions/checkout@3d3c42e5aac5ba805825da76410c181273ba90b1,34,3,4
2026-10-08,ci.yml,boot-file-size-check,,step,Run script/ci-build boot-file-size-check,34,35,44
2026-10-08,ci.yml,boot-file-size-check,,step,Set up job,34,1,2
2026-10-08,ci.yml,boot-file-size-check,,step,Start the job wall-time clock,34,0,1
2026-10-08,ci.yml,build-is-reproducible,,job,,34,42,50
2026-10-08,ci.yml,build-is-reproducible,,step,Check the job's wall time against its budget,34,0,1
2026-10-08,ci.yml,build-is-reproducible,,step,Complete job,34,0,1
2026-10-08,ci.yml,build-is-reproducible,,step,Install the bare-metal target,34,18,22
2026-10-08,ci.yml,build-is-reproducible,,step,Post Run actions/checkout@3d3c42e5aac5ba805825da76410c181273ba90b1,34,0,1
2026-10-08,ci.yml,build-is-reproducible,,step,Run actions/checkout@3d3c42e5aac5ba805825da76410c181273ba90b1,34,3,5
2026-10-08,ci.yml,build-is-reproducible,,step,Run script/ci-build build-is-reproducible,34,16,23
2026-10-08,ci.yml,build-is-reproducible,,step,Set up job,34,0,1
2026-10-08,ci.yml,build-is-reproducible,,step,Start the job wall-time clock,34,0,1
2026-10-08,ci.yml,clippy,,job,,38,3,375
2026-10-08,ci.yml,clippy,,step,Check the job's wall time against its budget,12,0,0
2026-10-08,ci.yml,clippy,,step,Complete job,38,0,1
2026-10-08,ci.yml,clippy,,step,Install clang (the C component's compiler) and shellcheck,11,10,19
2026-10-08,ci.yml,clippy,,step,Install clippy and the bare-metal target,12,10,11
2026-10-08,ci.yml,clippy,,step,"Install the lint tools (cargo-machete, typos)",11,92,106
2026-10-08,ci.yml,clippy,,step,Post Run Swatinem/rust-cache@6323deb102c322ba6fcbdcafc7e3dddab59af2b6,11,0,1
2026-10-08,ci.yml,clippy,,step,Post Run actions/checkout@3d3c42e5aac5ba805825da76410c181273ba90b1,12,0,1
2026-10-08,ci.yml,clippy,,step,Report lint's verdict under the old check name,26,0,1
2026-10-08,ci.yml,clippy,,step,Run Swatinem/rust-cache@6323deb102c322ba6fcbdcafc7e3dddab59af2b6,11,19,21
2026-10-08,ci.yml,clippy,,step,Run actions/checkout@3d3c42e5aac5ba805825da76410c181273ba90b1,12,5,7
2026-10-08,ci.yml,clippy,,step,Run script/ci-build lint,11,187,214
2026-10-08,ci.yml,clippy,,step,Selftest of script/metrics,11,0,1
2026-10-08,ci.yml,clippy,,step,Set up job,38,0,2
2026-10-08,ci.yml,clippy,,step,Start the job wall-time clock,12,0,0
2026-10-08,ci.yml,clippy,,step,The tests of the code that reads the prose this change touched,1,8,8
2026-10-08,ci.yml,coverage,,job,,34,92,126
2026-10-08,ci.yml,coverage,,step,Check the job's wall time against its budget,34,0,1
2026-10-08,ci.yml,coverage,,step,Complete job,34,0,1
2026-10-08,ci.yml,coverage,,step,Install llvm-tools (pinned nightly),34,10,19
2026-10-08,ci.yml,coverage,,step,Post Run actions/checkout@3d3c42e5aac5ba805825da76410c181273ba90b1,34,0,1
2026-10-08,ci.yml,coverage,,step,Publish the summary to the run,34,0,1
2026-10-08,ci.yml,coverage,,step,Run actions/checkout@3d3c42e5aac5ba805825da76410c181273ba90b1,34,6,30
2026-10-08,ci.yml,coverage,,step,Run script/ci-build coverage,34,68,97
2026-10-08,ci.yml,coverage,,step,Run taiki-e/install-action@83ac0ad63c0167e6f06796fab0fce28db1bf3db0,34,0,1
2026-10-08,ci.yml,coverage,,step,Set up job,34,2,3
2026-10-08,ci.yml,coverage,,step,Start the job wall-time clock,34,0,1
2026-10-08,ci.yml,coverage,,step,Upload the lcov + HTML report,34,2,3
2026-10-08,ci.yml,cpu-matrix,,job,,34,3,4
2026-10-08,ci.yml,cpu-matrix,,step,Complete job,34,0,1
2026-10-08,ci.yml,cpu-matrix,,step,Report the shards' combined result,34,0,1
2026-10-08,ci.yml,cpu-matrix,,step,Set up job,34,0,1
2026-10-08,ci.yml,cpu-matrix-shard,rv64 sifive-u54 rva22s64,job,,34,766,839
2026-10-08,ci.yml,cpu-matrix-shard,rv64 sifive-u54 rva22s64,step,Build QEMU if the cache missed,34,2,20
2026-10-08,ci.yml,cpu-matrix-shard,rv64 sifive-u54 rva22s64,step,Cache QEMU,34,2,4
2026-10-08,ci.yml,cpu-matrix-shard,rv64 sifive-u54 rva22s64,step,Check the job's wall time against its budget,34,0,0
2026-10-08,ci.yml,cpu-matrix-shard,rv64 sifive-u54 rva22s64,step,Complete job,34,0,1
2026-10-08,ci.yml,cpu-matrix-shard,rv64 sifive-u54 rva22s64,step,Post Cache QEMU,34,0,1
2026-10-08,ci.yml,cpu-matrix-shard,rv64 sifive-u54 rva22s64,step,Post Run actions/checkout@3d3c42e5aac5ba805825da76410c181273ba90b1,34,0,1
2026-10-08,ci.yml,cpu-matrix-shard,rv64 sifive-u54 rva22s64,step,Put it on PATH,34,0,0
2026-10-08,ci.yml,cpu-matrix-shard,rv64 sifive-u54 rva22s64,step,Run actions/checkout@3d3c42e5aac5ba805825da76410c181273ba90b1,34,5,20
2026-10-08,ci.yml,cpu-matrix-shard,rv64 sifive-u54 rva22s64,step,Run script/bootstrap,34,18,37
2026-10-08,ci.yml,cpu-matrix-shard,rv64 sifive-u54 rva22s64,step,Run script/ci-build cpu-matrix,34,730,790
2026-10-08,ci.yml,cpu-matrix-shard,rv64 sifive-u54 rva22s64,step,Set up job,34,1,2
2026-10-08,ci.yml,cpu-matrix-shard,rv64 sifive-u54 rva22s64,step,Start the job wall-time clock,34,0,1
2026-10-08,ci.yml,cpu-matrix-shard,rv64 sifive-u54 rva22s64,step,Summarize where the time went,34,0,1
2026-10-08,ci.yml,cpu-matrix-shard,rv64 sifive-u54 rva22s64,step,Upload the time record,34,1,2
2026-10-08,ci.yml,cpu-matrix-shard,rva23s64 thead-c906,job,,34,568,614
2026-10-08,ci.yml,cpu-matrix-shard,rva23s64 thead-c906,step,Build QEMU if the cache missed,34,2,8
2026-10-08,ci.yml,cpu-matrix-shard,rva23s64 thead-c906,step,Cache QEMU,34,2,4
2026-10-08,ci.yml,cpu-matrix-shard,rva23s64 thead-c906,step,Check the job's wall time against its budget,34,0,1
2026-10-08,ci.yml,cpu-matrix-shard,rva23s64 thead-c906,step,Complete job,34,0,0
2026-10-08,ci.yml,cpu-matrix-shard,rva23s64 thead-c906,step,Post Cache QEMU,34,0,1
2026-10-08,ci.yml,cpu-matrix-shard,rva23s64 thead-c906,step,Post Run actions/checkout@3d3c42e5aac5ba805825da76410c181273ba90b1,34,0,1
2026-10-08,ci.yml,cpu-matrix-shard,rva23s64 thead-c906,step,Put it on PATH,34,0,1
2026-10-08,ci.yml,cpu-matrix-shard,rva23s64 thead-c906,step,Run actions/checkout@3d3c42e5aac5ba805825da76410c181273ba90b1,34,5,8
2026-10-08,ci.yml,cpu-matrix-shard,rva23s64 thead-c906,step,Run script/bootstrap,34,18,23
2026-10-08,ci.yml,cpu-matrix-shard,rva23s64 thead-c906,step,Run script/ci-build cpu-matrix,34,530,577
2026-10-08,ci.yml,cpu-matrix-shard,rva23s64 thead-c906,step,Set up job,34,1,2
2026-10-08,ci.yml,cpu-matrix-shard,rva23s64 thead-c906,step,Start the job wall-time clock,34,0,1
2026-10-08,ci.yml,cpu-matrix-shard,rva23s64 thead-c906,step,Summarize where the time went,34,0,1
2026-10-08,ci.yml,cpu-matrix-shard,rva23s64 thead-c906,step,Upload the time record,34,1,2
2026-10-08,ci.yml,fastpath-footprint,,job,,34,62,66
2026-10-08,ci.yml,fastpath-footprint,,step,Check the job's wall time against its budget,34,0,1
2026-10-08,ci.yml,fastpath-footprint,,step,Complete job,34,0,1
2026-10-08,ci.yml,fastpath-footprint,,step,Install the bare-metal targets and llvm-tools,34,18,21
2026-10-08,ci.yml,fastpath-footprint,,step,Post Run actions/checkout@3d3c42e5aac5ba805825da76410c181273ba90b1,34,0,1
2026-10-08,ci.yml,fastpath-footprint,,step,Run actions/checkout@3d3c42e5aac5ba805825da76410c181273ba90b1,34,3,5
2026-10-08,ci.yml,fastpath-footprint,,step,Run script/ci-build fastpath-footprint,34,36,39
2026-10-08,ci.yml,fastpath-footprint,,step,Set up job,34,1,1
2026-10-08,ci.yml,fastpath-footprint,,step,Start the job wall-time clock,34,0,1
2026-10-08,ci.yml,fmt,,job,,34,36,42
2026-10-08,ci.yml,fmt,,step,Check the job's wall time against its budget,34,0,1
2026-10-08,ci.yml,fmt,,step,Complete job,34,0,1
2026-10-08,ci.yml,fmt,,step,Install rustfmt (pinned nightly),34,8,10
2026-10-08,ci.yml,fmt,,step,Post Run actions/checkout@3d3c42e5aac5ba805825da76410c181273ba90b1,34,0,1
2026-10-08,ci.yml,fmt,,step,Run actions/checkout@3d3c42e5aac5ba805825da76410c181273ba90b1,34,3,5
2026-10-08,ci.yml,fmt,,step,Run script/ci-build fmt,34,21,26
2026-10-08,ci.yml,fmt,,step,Set up job,34,0,1
2026-10-08,ci.yml,fmt,,step,Start the job wall-time clock,34,0,1
2026-10-08,ci.yml,fuzz,,job,,34,714,746
2026-10-08,ci.yml,fuzz,,step,Check the job's wall time against its budget,34,0,1
2026-10-08,ci.yml,fuzz,,step,Complete job,34,0,1
2026-10-08,ci.yml,fuzz,,step,Post Run actions/checkout@3d3c42e5aac5ba805825da76410c181273ba90b1,34,0,1
2026-10-08,ci.yml,fuzz,,step,Run actions/checkout@3d3c42e5aac5ba805825da76410c181273ba90b1,34,6,7
2026-10-08,ci.yml,fuzz,,step,Run script/ci-build fuzz,34,704,733
2026-10-08,ci.yml,fuzz,,step,Set up job,34,1,1
2026-10-08,ci.yml,fuzz,,step,Start the job wall-time clock,34,0,1
2026-10-08,ci.yml,gate,,job,,38,10,15
2026-10-08,ci.yml,gate,,step,Check the job's wall time against its budget,38,0,1
2026-10-08,ci.yml,gate,,step,Complete job,38,0,0
2026-10-08,ci.yml,gate,,step,Is this change prose that no build or test reads?,38,1,2
2026-10-08,ci.yml,gate,,step,Post Run actions/checkout@3d3c42e5aac5ba805825da76410c181273ba90b1,38,0,1
2026-10-08,ci.yml,gate,,step,Run # A′: a push to `main` whose exact commit a merge group already tested. See the comment,38,0,1
2026-10-08,ci.yml,gate,,step,Run actions/checkout@3d3c42e5aac5ba805825da76410c181273ba90b1,38,6,9
2026-10-08,ci.yml,gate,,step,Set up job,38,1,1
2026-10-08,ci.yml,gate,,step,Start the job wall-time clock,38,0,1
2026-10-08,ci.yml,image-permissions,,job,,34,50,119
2026-10-08,ci.yml,image-permissions,,step,Check the job's wall time against its budget,34,0,1
2026-10-08,ci.yml,image-permissions,,step,Complete job,34,0,1
2026-10-08,ci.yml,image-permissions,,step,Install the bare-metal targets,34,12,15
2026-10-08,ci.yml,image-permissions,,step,Post Run actions/checkout@3d3c42e5aac5ba805825da76410c181273ba90b1,34,0,1
2026-10-08,ci.yml,image-permissions,,step,Run actions/checkout@3d3c42e5aac5ba805825da76410c181273ba90b1,34,3,5
2026-10-08,ci.yml,image-permissions,,step,Run script/ci-build image-permissions,34,31,36
2026-10-08,ci.yml,image-permissions,,step,Set up job,34,0,1
2026-10-08,ci.yml,image-permissions,,step,Start the job wall-time clock,34,0,1
2026-10-08,ci.yml,interleavings,,job,,34,44,54
2026-10-08,ci.yml,interleavings,,step,Check the job's wall time against its budget,34,0,0
2026-10-08,ci.yml,interleavings,,step,Complete job,34,0,0
2026-10-08,ci.yml,interleavings,,step,Post Run actions/checkout@3d3c42e5aac5ba805825da76410c181273ba90b1,34,0,1
2026-10-08,ci.yml,interleavings,,step,Run actions/checkout@3d3c42e5aac5ba805825da76410c181273ba90b1,34,5,11
2026-10-08,ci.yml,interleavings,,step,Run script/interleaving-check,34,35,40
2026-10-08,ci.yml,interleavings,,step,Set up job,34,0,1
2026-10-08,ci.yml,interleavings,,step,Start the job wall-time clock,34,0,1
2026-10-08,ci.yml,lint,,job,,26,360,404
2026-10-08,ci.yml,lint,,step,Check the job's wall time against its budget,26,0,0
2026-10-08,ci.yml,lint,,step,Complete job,26,0,1
2026-10-08,ci.yml,lint,,step,Install clang (the C component's compiler) and shellcheck,26,9,26
2026-10-08,ci.yml,lint,,step,Install clippy and the bare-metal target,26,10,12
2026-10-08,ci.yml,lint,,step,"Install the lint tools (cargo-machete, typos)",26,102,110
2026-10-08,ci.yml,lint,,step,Post Run Swatinem/rust-cache@6323deb102c322ba6fcbdcafc7e3dddab59af2b6,26,0,1
2026-10-08,ci.yml,lint,,step,Post Run actions/checkout@3d3c42e5aac5ba805825da76410c181273ba90b1,26,0,1
2026-10-08,ci.yml,lint,,step,Run Swatinem/rust-cache@6323deb102c322ba6fcbdcafc7e3dddab59af2b6,26,19,23
2026-10-08,ci.yml,lint,,step,Run actions/checkout@3d3c42e5aac5ba805825da76410c181273ba90b1,26,6,18
2026-10-08,ci.yml,lint,,step,Run script/ci-build lint,26,206,233
2026-10-08,ci.yml,lint,,step,Selftest of script/metrics,26,0,1
2026-10-08,ci.yml,lint,,step,Set up job,26,1,2
2026-10-08,ci.yml,lint,,step,Start the job wall-time clock,26,0,1
2026-10-08,ci.yml,lint,,step,The tests of the code that reads the prose this change touched,3,9,9
2026-10-08,ci.yml,stack-frame-check,,job,,34,114,120
2026-10-08,ci.yml,stack-frame-check,,step,Check the job's wall time against its budget,34,0,1
2026-10-08,ci.yml,stack-frame-check,,step,Complete job,34,0,1
2026-10-08,ci.yml,stack-frame-check,,step,Install the bare-metal targets and llvm-tools,34,15,19
2026-10-08,ci.yml,stack-frame-check,,step,Post Run actions/checkout@3d3c42e5aac5ba805825da76410c181273ba90b1,34,0,1
2026-10-08,ci.yml,stack-frame-check,,step,Run actions/checkout@3d3c42e5aac5ba805825da76410c181273ba90b1,34,3,5
2026-10-08,ci.yml,stack-frame-check,,step,Run script/ci-build stack-depth-check,34,47,52
2026-10-08,ci.yml,stack-frame-check,,step,Run script/ci-build stack-frame-check,34,43,45
2026-10-08,ci.yml,stack-frame-check,,step,Set up job,34,0,1
2026-10-08,ci.yml,stack-frame-check,,step,Start the job wall-time clock,34,0,1
2026-10-08,ci.yml,supply-chain,,job,,34,33,54
2026-10-08,ci.yml,supply-chain,,step,Cache the vendored tarballs,34,0,1
2026-10-08,ci.yml,supply-chain,,step,Check the job's wall time against its budget,34,0,1
2026-10-08,ci.yml,supply-chain,,step,Complete job,34,0,1
2026-10-08,ci.yml,supply-chain,,step,Post Cache the vendored tarballs,34,1,2
2026-10-08,ci.yml,supply-chain,,step,Post Run actions/checkout@3d3c42e5aac5ba805825da76410c181273ba90b1,34,0,1
2026-10-08,ci.yml,supply-chain,,step,Read the pinned cargo-deny version,34,0,1
2026-10-08,ci.yml,supply-chain,,step,Run actions/checkout@3d3c42e5aac5ba805825da76410c181273ba90b1,34,3,27
2026-10-08,ci.yml,supply-chain,,step,Run script/ci-build supply-chain,34,23,28
2026-10-08,ci.yml,supply-chain,,step,Run taiki-e/install-action@83ac0ad63c0167e6f06796fab0fce28db1bf3db0,34,0,1
2026-10-08,ci.yml,supply-chain,,step,Set up job,34,1,2
2026-10-08,ci.yml,supply-chain,,step,Start the job wall-time clock,34,0,1
2026-10-08,ci.yml,swish-check,,job,,34,327,457
2026-10-08,ci.yml,swish-check,,step,Build QEMU if the cache missed,34,2,14
2026-10-08,ci.yml,swish-check,,step,Cache QEMU,34,2,3
2026-10-08,ci.yml,swish-check,,step,Check the job's wall time against its budget,34,0,1
2026-10-08,ci.yml,swish-check,,step,Complete job,34,0,1
2026-10-08,ci.yml,swish-check,,step,Post Cache QEMU,34,0,1
2026-10-08,ci.yml,swish-check,,step,Post Run actions/checkout@3d3c42e5aac5ba805825da76410c181273ba90b1,34,0,1
2026-10-08,ci.yml,swish-check,,step,Put it on PATH,34,0,1
2026-10-08,ci.yml,swish-check,,step,Run actions/checkout@3d3c42e5aac5ba805825da76410c181273ba90b1,34,5,6
2026-10-08,ci.yml,swish-check,,step,Run script/bootstrap,34,19,32
2026-10-08,ci.yml,swish-check,,step,Run script/ci-build swish-check-aarch64-riscv64,34,290,398
2026-10-08,ci.yml,swish-check,,step,Set up job,34,0,2
2026-10-08,ci.yml,swish-check,,step,Start the job wall-time clock,34,0,1
2026-10-08,ci.yml,swish-check-x86_64,,job,,34,244,355
2026-10-08,ci.yml,swish-check-x86_64,,step,Build QEMU if the cache missed,34,3,11
2026-10-08,ci.yml,swish-check-x86_64,,step,Cache QEMU,34,3,5
2026-10-08,ci.yml,swish-check-x86_64,,step,Check the job's wall time against its budget,34,0,0
2026-10-08,ci.yml,swish-check-x86_64,,step,Complete job,34,0,1
2026-10-08,ci.yml,swish-check-x86_64,,step,Open /dev/kvm to the runner user,34,0,1
2026-10-08,ci.yml,swish-check-x86_64,,step,Post Cache QEMU,34,0,1
2026-10-08,ci.yml,swish-check-x86_64,,step,Post Run actions/checkout@3d3c42e5aac5ba805825da76410c181273ba90b1,34,0,1
2026-10-08,ci.yml,swish-check-x86_64,,step,Put it on PATH,34,0,0
2026-10-08,ci.yml,swish-check-x86_64,,step,Run actions/checkout@3d3c42e5aac5ba805825da76410c181273ba90b1,34,6,8
2026-10-08,ci.yml,swish-check-x86_64,,step,Run script/bootstrap,34,22,32
2026-10-08,ci.yml,swish-check-x86_64,,step,Run script/ci-build swish-check-x86_64,34,207,308
2026-10-08,ci.yml,swish-check-x86_64,,step,Set up job,34,1,1
2026-10-08,ci.yml,swish-check-x86_64,,step,Start the job wall-time clock,34,0,1
2026-10-08,ci.yml,test,,job,,34,804,833
2026-10-08,ci.yml,test,,step,Build QEMU if the cache missed,34,2,7
2026-10-08,ci.yml,test,,step,Cache QEMU,34,2,3
2026-10-08,ci.yml,test,,step,Check the job's wall time against its budget,34,0,1
2026-10-08,ci.yml,test,,step,Complete job,34,0,0
2026-10-08,ci.yml,test,,step,Post Cache QEMU,33,0,1
2026-10-08,ci.yml,test,,step,Post Run actions/checkout@3d3c42e5aac5ba805825da76410c181273ba90b1,34,0,1
2026-10-08,ci.yml,test,,step,Put it on PATH,34,0,0
2026-10-08,ci.yml,test,,step,Run actions/checkout@3d3c42e5aac5ba805825da76410c181273ba90b1,34,5,6
2026-10-08,ci.yml,test,,step,Run script/bootstrap,34,18,23
2026-10-08,ci.yml,test,,step,Run script/ci-build test,34,770,803
2026-10-08,ci.yml,test,,step,Set up job,34,1,2
2026-10-08,ci.yml,test,,step,Start the job wall-time clock,34,0,1
2026-10-08,ci.yml,test,,step,Summarize where the time went,34,0,1
2026-10-08,ci.yml,test,,step,Upload the time record,34,1,2
2026-10-08,ci.yml,watchdog,,job,,34,9,415
2026-10-08,ci.yml,watchdog,,step,Build QEMU if the cache missed,3,2,7
2026-10-08,ci.yml,watchdog,,step,Cache QEMU,3,2,3
2026-10-08,ci.yml,watchdog,,step,Check the job's wall time against its budget,34,0,0
2026-10-08,ci.yml,watchdog,,step,Complete job,34,0,1
2026-10-08,ci.yml,watchdog,,step,Does this change touch the watchdog?,34,0,0
2026-10-08,ci.yml,watchdog,,step,Post Cache QEMU,3,0,0
2026-10-08,ci.yml,watchdog,,step,Post Run actions/checkout@3d3c42e5aac5ba805825da76410c181273ba90b1,34,0,1
2026-10-08,ci.yml,watchdog,,step,Put it on PATH,3,0,0
2026-10-08,ci.yml,watchdog,,step,Run actions/checkout@3d3c42e5aac5ba805825da76410c181273ba90b1,34,5,14
2026-10-08,ci.yml,watchdog,,step,Run script/bootstrap,3,98,102
2026-10-08,ci.yml,watchdog,,step,Run script/ci-build watchdog-check,3,298,299
2026-10-08,ci.yml,watchdog,,step,Set up job,34,1,2
2026-10-08,ci.yml,watchdog,,step,Start the job wall-time clock,34,0,1
2026-10-08,verify.yml,falsify,,job,,38,3,9
2026-10-08,verify.yml,falsify,,step,Complete job,38,0,0
2026-10-08,verify.yml,falsify,,step,Report the shards' combined result,38,0,1
2026-10-08,verify.yml,falsify,,step,Set up job,38,0,1
2026-10-08,verify.yml,falsify-shard,1 1,job,,5,110,340
2026-10-08,verify.yml,falsify-shard,1 1,step,Complete job,5,0,0
2026-10-08,verify.yml,falsify-shard,1 1,step,Install Kani,5,12,13
2026-10-08,verify.yml,falsify-shard,1 1,step,Post Run Swatinem/rust-cache@6323deb102c322ba6fcbdcafc7e3dddab59af2b6,5,0,1
2026-10-08,verify.yml,falsify-shard,1 1,step,Post Run actions/checkout@3d3c42e5aac5ba805825da76410c181273ba90b1,5,0,1
2026-10-08,verify.yml,falsify-shard,1 1,step,Run Swatinem/rust-cache@6323deb102c322ba6fcbdcafc7e3dddab59af2b6,5,15,34
2026-10-08,verify.yml,falsify-shard,1 1,step,Run actions/checkout@3d3c42e5aac5ba805825da76410c181273ba90b1,5,5,5
2026-10-08,verify.yml,falsify-shard,1 1,step,Set up job,5,1,1
2026-10-08,verify.yml,falsify-shard,1 1,step,script/falsifications --affected-since --shard,5,62,305
2026-10-08,verify.yml,falsify-shard,1 4,job,,4,1069,1096
2026-10-08,verify.yml,falsify-shard,1 4,step,Complete job,4,0,0
2026-10-08,verify.yml,falsify-shard,1 4,step,Install Kani,4,12,15
2026-10-08,verify.yml,falsify-shard,1 4,step,Post Run Swatinem/rust-cache@6323deb102c322ba6fcbdcafc7e3dddab59af2b6,4,0,1
2026-10-08,verify.yml,falsify-shard,1 4,step,Post Run actions/checkout@3d3c42e5aac5ba805825da76410c181273ba90b1,4,0,0
2026-10-08,verify.yml,falsify-shard,1 4,step,Run Swatinem/rust-cache@6323deb102c322ba6fcbdcafc7e3dddab59af2b6,4,14,15
2026-10-08,verify.yml,falsify-shard,1 4,step,Run actions/checkout@3d3c42e5aac5ba805825da76410c181273ba90b1,4,5,5
2026-10-08,verify.yml,falsify-shard,1 4,step,Set up job,4,1,2
2026-10-08,verify.yml,falsify-shard,1 4,step,script/falsifications --affected-since --shard,4,1034,1059
2026-10-08,verify.yml,falsify-shard,2 4,job,,4,996,1070
2026-10-08,verify.yml,falsify-shard,2 4,step,Complete job,4,0,0
2026-10-08,verify.yml,falsify-shard,2 4,step,Install Kani,4,13,16
2026-10-08,verify.yml,falsify-shard,2 4,step,Post Run Swatinem/rust-cache@6323deb102c322ba6fcbdcafc7e3dddab59af2b6,4,0,0
2026-10-08,verify.yml,falsify-shard,2 4,step,Post Run actions/checkout@3d3c42e5aac5ba805825da76410c181273ba90b1,4,0,1
2026-10-08,verify.yml,falsify-shard,2 4,step,Run Swatinem/rust-cache@6323deb102c322ba6fcbdcafc7e3dddab59af2b6,4,16,19
2026-10-08,verify.yml,falsify-shard,2 4,step,Run actions/checkout@3d3c42e5aac5ba805825da76410c181273ba90b1,4,5,5
2026-10-08,verify.yml,falsify-shard,2 4,step,Set up job,4,1,1
2026-10-08,verify.yml,falsify-shard,2 4,step,script/falsifications --affected-since --shard,4,960,1034
2026-10-08,verify.yml,falsify-shard,3 4,job,,4,905,1002
2026-10-08,verify.yml,falsify-shard,3 4,step,Complete job,4,0,0
2026-10-08,verify.yml,falsify-shard,3 4,step,Install Kani,4,12,14
2026-10-08,verify.yml,falsify-shard,3 4,step,Post Run Swatinem/rust-cache@6323deb102c322ba6fcbdcafc7e3dddab59af2b6,4,0,1
2026-10-08,verify.yml,falsify-shard,3 4,step,Post Run actions/checkout@3d3c42e5aac5ba805825da76410c181273ba90b1,4,0,0
2026-10-08,verify.yml,falsify-shard,3 4,step,Run Swatinem/rust-cache@6323deb102c322ba6fcbdcafc7e3dddab59af2b6,4,14,35
2026-10-08,verify.yml,falsify-shard,3 4,step,Run actions/checkout@3d3c42e5aac5ba805825da76410c181273ba90b1,4,4,5
2026-10-08,verify.yml,falsify-shard,3 4,step,Set up job,4,1,1
2026-10-08,verify.yml,falsify-shard,3 4,step,script/falsifications --affected-since --shard,4,870,946
2026-10-08,verify.yml,falsify-shard,4 4,job,,4,944,997
2026-10-08,verify.yml,falsify-shard,4 4,step,Complete job,4,0,0
2026-10-08,verify.yml,falsify-shard,4 4,step,Install Kani,4,12,26
2026-10-08,verify.yml,falsify-shard,4 4,step,Post Run Swatinem/rust-cache@6323deb102c322ba6fcbdcafc7e3dddab59af2b6,4,0,0
2026-10-08,verify.yml,falsify-shard,4 4,step,Post Run actions/checkout@3d3c42e5aac5ba805825da76410c181273ba90b1,4,0,1
2026-10-08,verify.yml,falsify-shard,4 4,step,Run Swatinem/rust-cache@6323deb102c322ba6fcbdcafc7e3dddab59af2b6,4,16,17
2026-10-08,verify.yml,falsify-shard,4 4,step,Run actions/checkout@3d3c42e5aac5ba805825da76410c181273ba90b1,4,5,5
2026-10-08,verify.yml,falsify-shard,4 4,step,Set up job,4,1,2
2026-10-08,verify.yml,falsify-shard,4 4,step,script/falsifications --affected-since --shard,4,904,961
2026-10-08,verify.yml,gate,,job,,38,11,28
2026-10-08,verify.yml,gate,,step,Complete job,38,0,1
2026-10-08,verify.yml,gate,,step,Is this change prose that no build or test reads?,38,1,2
2026-10-08,verify.yml,gate,,step,Post Run actions/checkout@3d3c42e5aac5ba805825da76410c181273ba90b1,38,0,1
2026-10-08,verify.yml,gate,,step,Run # A′: a push to `main` whose exact commit a merge group already tested. See the comment,38,0,1
2026-10-08,verify.yml,gate,,step,Run actions/checkout@3d3c42e5aac5ba805825da76410c181273ba90b1,38,6,8
2026-10-08,verify.yml,gate,,step,Set up job,38,0,1
2026-10-08,verify.yml,prove,1,job,,9,981,1014
2026-10-08,verify.yml,prove,1,step,Complete job,9,0,0
2026-10-08,verify.yml,prove,1,step,Install Kani,9,14,22
2026-10-08,verify.yml,prove,1,step,Post Run Swatinem/rust-cache@6323deb102c322ba6fcbdcafc7e3dddab59af2b6,9,0,1
2026-10-08,verify.yml,prove,1,step,Post Run actions/checkout@3d3c42e5aac5ba805825da76410c181273ba90b1,9,0,1
2026-10-08,verify.yml,prove,1,step,Run Swatinem/rust-cache@6323deb102c322ba6fcbdcafc7e3dddab59af2b6,9,20,22
2026-10-08,verify.yml,prove,1,step,Run actions/checkout@3d3c42e5aac5ba805825da76410c181273ba90b1,9,4,4
2026-10-08,verify.yml,prove,1,step,Set up job,9,1,2
2026-10-08,verify.yml,prove,1,step,script/verify --shard 1/3,9,928,971
2026-10-08,verify.yml,prove,2,job,,9,1030,1150
2026-10-08,verify.yml,prove,2,step,Complete job,9,0,1
2026-10-08,verify.yml,prove,2,step,Install Kani,9,16,17
2026-10-08,verify.yml,prove,2,step,Post Run Swatinem/rust-cache@6323deb102c322ba6fcbdcafc7e3dddab59af2b6,9,0,1
2026-10-08,verify.yml,prove,2,step,Post Run actions/checkout@3d3c42e5aac5ba805825da76410c181273ba90b1,9,0,1
2026-10-08,verify.yml,prove,2,step,Run Swatinem/rust-cache@6323deb102c322ba6fcbdcafc7e3dddab59af2b6,9,20,22
2026-10-08,verify.yml,prove,2,step,Run actions/checkout@3d3c42e5aac5ba805825da76410c181273ba90b1,9,3,27
2026-10-08,verify.yml,prove,2,step,Set up job,9,1,2
2026-10-08,verify.yml,prove,2,step,script/verify --shard 2/3,9,987,1104
2026-10-08,verify.yml,prove,3,job,,9,982,1015
2026-10-08,verify.yml,prove,3,step,Complete job,9,0,1
2026-10-08,verify.yml,prove,3,step,Install Kani,9,14,16
2026-10-08,verify.yml,prove,3,step,Post Run Swatinem/rust-cache@6323deb102c322ba6fcbdcafc7e3dddab59af2b6,9,0,0
2026-10-08,verify.yml,prove,3,step,Post Run actions/checkout@3d3c42e5aac5ba805825da76410c181273ba90b1,9,0,1
2026-10-08,verify.yml,prove,3,step,Run Swatinem/rust-cache@6323deb102c322ba6fcbdcafc7e3dddab59af2b6,9,19,22
2026-10-08,verify.yml,prove,3,step,Run actions/checkout@3d3c42e5aac5ba805825da76410c181273ba90b1,9,2,4
2026-10-08,verify.yml,prove,3,step,Set up job,9,1,3
2026-10-08,verify.yml,prove,3,step,script/verify --shard 3/3,9,939,971
2026-10-08,verify.yml,prove-kernel-aarch64,,job,,9,43,48
2026-10-08,verify.yml,prove-kernel-aarch64,,step,Complete job,9,0,0
2026-10-08,verify.yml,prove-kernel-aarch64,,step,Install Kani,9,25,30
2026-10-08,verify.yml,prove-kernel-aarch64,,step,Post Run actions/checkout@3d3c42e5aac5ba805825da76410c181273ba90b1,9,0,1
2026-10-08,verify.yml,prove-kernel-aarch64,,step,Run actions/checkout@3d3c42e5aac5ba805825da76410c181273ba90b1,9,3,4
2026-10-08,verify.yml,prove-kernel-aarch64,,step,Set up job,9,0,1
2026-10-08,verify.yml,prove-kernel-aarch64,,step,script/verify --only kernel,9,11,12
2026-10-08,verify.yml,prove-kernel-riscv64,,job,,9,46,74
2026-10-08,verify.yml,prove-kernel-riscv64,,step,Build the patched Kani if the cache missed,9,13,43
2026-10-08,verify.yml,prove-kernel-riscv64,,step,Cache the patched Kani,9,2,3
2026-10-08,verify.yml,prove-kernel-riscv64,,step,Complete job,9,0,0
2026-10-08,verify.yml,prove-kernel-riscv64,,step,Name the carried Kani patch,9,0,1
2026-10-08,verify.yml,prove-kernel-riscv64,,step,Post Cache the patched Kani,9,0,0
2026-10-08,verify.yml,prove-kernel-riscv64,,step,Post Run actions/checkout@3d3c42e5aac5ba805825da76410c181273ba90b1,9,0,1
2026-10-08,verify.yml,prove-kernel-riscv64,,step,Run actions/checkout@3d3c42e5aac5ba805825da76410c181273ba90b1,9,2,3
2026-10-08,verify.yml,prove-kernel-riscv64,,step,Set up job,9,1,1
2026-10-08,verify.yml,prove-kernel-riscv64,,step,script/verify-riscv64,9,24,26
2026-10-08,verify.yml,scope,,job,,34,11,34
2026-10-08,verify.yml,scope,,step,Complete job,34,0,1
2026-10-08,verify.yml,scope,,step,Does this change need the proofs?,34,1,22
2026-10-08,verify.yml,scope,,step,Plan the re-falsify shards,9,1,2
2026-10-08,verify.yml,scope,,step,Post Run actions/checkout@3d3c42e5aac5ba805825da76410c181273ba90b1,34,0,1
2026-10-08,verify.yml,scope,,step,Run actions/checkout@3d3c42e5aac5ba805825da76410c181273ba90b1,34,6,8
2026-10-08,verify.yml,scope,,step,Set up job,34,0,1
2026-10-08,verify.yml,verify,,job,,34,3,16
2026-10-08,verify.yml,verify,,step,Complete job,34,0,0
2026-10-08,verify.yml,verify,,step,Report the shards' combined result,34,0,1
2026-10-08,verify.yml,verify,,step,Set up job,34,0,1
2026-10-09,ci.yml,bench,,job,,3,99,109
2026-10-09,ci.yml,bench,,step,Build QEMU if the cache missed,3,2,2
2026-10-09,ci.yml,bench,,step,Cache QEMU,3,2,4
2026-10-09,ci.yml,bench,,step,Check the job's wall time against its budget,3,0,0
2026-10-09,ci.yml,bench,,step,Complete job,3,0,0
2026-10-09,ci.yml,bench,,step,Post Cache QEMU,3,0,0
2026-10-09,ci.yml,bench,,step,Post Run actions/checkout@3d3c42e5aac5ba805825da76410c181273ba90b1,3,0,1
2026-10-09,ci.yml,bench,,step,Put it on PATH,3,0,0
2026-10-09,ci.yml,bench,,step,Run actions/checkout@3d3c42e5aac5ba805825da76410c181273ba90b1,3,6,7
2026-10-09,ci.yml,bench,,step,Run script/bootstrap,3,23,26
2026-10-09,ci.yml,bench,,step,Run script/ci-build bench,3,56,58
2026-10-09,ci.yml,bench,,step,Run script/ci-build icount,3,10,10
2026-10-09,ci.yml,bench,,step,Set up job,3,0,1
2026-10-09,ci.yml,bench,,step,Start the job wall-time clock,3,0,0
2026-10-09,ci.yml,boot-check,,job,,3,87,88
2026-10-09,ci.yml,boot-check,,step,Build QEMU if the cache missed,3,2,5
2026-10-09,ci.yml,boot-check,,step,Cache QEMU,3,2,2
2026-10-09,ci.yml,boot-check,,step,Check the job's wall time against its budget,3,0,0
2026-10-09,ci.yml,boot-check,,step,Complete job,3,0,0
2026-10-09,ci.yml,boot-check,,step,Post Cache QEMU,3,1,1
2026-10-09,ci.yml,boot-check,,step,Post Run actions/checkout@3d3c42e5aac5ba805825da76410c181273ba90b1,3,0,0
2026-10-09,ci.yml,boot-check,,step,Put it on PATH,3,0,0
2026-10-09,ci.yml,boot-check,,step,Run actions/checkout@3d3c42e5aac5ba805825da76410c181273ba90b1,3,4,5
2026-10-09,ci.yml,boot-check,,step,Run script/bootstrap,3,18,18
2026-10-09,ci.yml,boot-check,,step,Run script/ci-build boot-check,3,57,57
2026-10-09,ci.yml,boot-check,,step,Set up job,3,1,1
2026-10-09,ci.yml,boot-check,,step,Start the job wall-time clock,3,0,0
2026-10-09,ci.yml,boot-file-size-check,,job,,3,70,74
2026-10-09,ci.yml,boot-file-size-check,,step,Check the job's wall time against its budget,3,0,0
2026-10-09,ci.yml,boot-file-size-check,,step,Complete job,3,0,0
2026-10-09,ci.yml,boot-file-size-check,,step,Install the targets and llvm-tools,3,19,21
2026-10-09,ci.yml,boot-file-size-check,,step,Post Run actions/checkout@3d3c42e5aac5ba805825da76410c181273ba90b1,3,0,0
2026-10-09,ci.yml,boot-file-size-check,,step,Run actions/checkout@3d3c42e5aac5ba805825da76410c181273ba90b1,3,3,3
2026-10-09,ci.yml,boot-file-size-check,,step,Run script/ci-build boot-file-size-check,3,42,47
2026-10-09,ci.yml,boot-file-size-check,,step,Set up job,3,1,1
2026-10-09,ci.yml,boot-file-size-check,,step,Start the job wall-time clock,3,0,0
2026-10-09,ci.yml,build-is-reproducible,,job,,3,41,45
2026-10-09,ci.yml,build-is-reproducible,,step,Check the job's wall time against its budget,3,0,0
2026-10-09,ci.yml,build-is-reproducible,,step,Complete job,3,0,0
2026-10-09,ci.yml,build-is-reproducible,,step,Install the bare-metal target,3,19,19
2026-10-09,ci.yml,build-is-reproducible,,step,Post Run actions/checkout@3d3c42e5aac5ba805825da76410c181273ba90b1,3,0,1
2026-10-09,ci.yml,build-is-reproducible,,step,Run actions/checkout@3d3c42e5aac5ba805825da76410c181273ba90b1,3,3,3
2026-10-09,ci.yml,build-is-reproducible,,step,Run script/ci-build build-is-reproducible,3,17,20
2026-10-09,ci.yml,build-is-reproducible,,step,Set up job,3,0,1
2026-10-09,ci.yml,build-is-reproducible,,step,Start the job wall-time clock,3,0,0
2026-10-09,ci.yml,clippy,,job,,3,3,3
2026-10-09,ci.yml,clippy,,step,Complete job,3,0,0
2026-10-09,ci.yml,clippy,,step,Report lint's verdict under the old check name,3,0,1
2026-10-09,ci.yml,clippy,,step,Set up job,3,0,1
2026-10-09,ci.yml,coverage,,job,,3,94,126
2026-10-09,ci.yml,coverage,,step,Check the job's wall time against its budget,3,0,1
2026-10-09,ci.yml,coverage,,step,Complete job,3,0,0
2026-10-09,ci.yml,coverage,,step,Install llvm-tools (pinned nightly),3,9,13
2026-10-09,ci.yml,coverage,,step,Post Run actions/checkout@3d3c42e5aac5ba805825da76410c181273ba90b1,3,0,0
2026-10-09,ci.yml,coverage,,step,Publish the summary to the run,3,1,1
2026-10-09,ci.yml,coverage,,step,Run actions/checkout@3d3c42e5aac5ba805825da76410c181273ba90b1,3,5,6
2026-10-09,ci.yml,coverage,,step,Run script/ci-build coverage,3,72,98
2026-10-09,ci.yml,coverage,,step,Run taiki-e/install-action@83ac0ad63c0167e6f06796fab0fce28db1bf3db0,3,0,1
2026-10-09,ci.yml,coverage,,step,Set up job,3,3,3
2026-10-09,ci.yml,coverage,,step,Start the job wall-time clock,3,0,0
2026-10-09,ci.yml,coverage,,step,Upload the lcov + HTML report,3,2,2
2026-10-09,ci.yml,cpu-matrix,,job,,3,3,4
2026-10-09,ci.yml,cpu-matrix,,step,Complete job,3,0,0
2026-10-09,ci.yml,cpu-matrix,,step,Report the shards' combined result,3,1,1
2026-10-09,ci.yml,cpu-matrix,,step,Set up job,3,0,0
2026-10-09,ci.yml,cpu-matrix-shard,rv64 sifive-u54 rva22s64,job,,3,734,737
2026-10-09,ci.yml,cpu-matrix-shard,rv64 sifive-u54 rva22s64,step,Build QEMU if the cache missed,3,2,2
2026-10-09,ci.yml,cpu-matrix-shard,rv64 sifive-u54 rva22s64,step,Cache QEMU,3,1,2
2026-10-09,ci.yml,cpu-matrix-shard,rv64 sifive-u54 rva22s64,step,Check the job's wall time against its budget,3,0,0
2026-10-09,ci.yml,cpu-matrix-shard,rv64 sifive-u54 rva22s64,step,Complete job,3,0,0
2026-10-09,ci.yml,cpu-matrix-shard,rv64 sifive-u54 rva22s64,step,Post Cache QEMU,3,1,1
2026-10-09,ci.yml,cpu-matrix-shard,rv64 sifive-u54 rva22s64,step,Post Run actions/checkout@3d3c42e5aac5ba805825da76410c181273ba90b1,3,0,1
2026-10-09,ci.yml,cpu-matrix-shard,rv64 sifive-u54 rva22s64,step,Put it on PATH,3,0,0
2026-10-09,ci.yml,cpu-matrix-shard,rv64 sifive-u54 rva22s64,step,Run actions/checkout@3d3c42e5aac5ba805825da76410c181273ba90b1,3,5,5
2026-10-09,ci.yml,cpu-matrix-shard,rv64 sifive-u54 rva22s64,step,Run script/bootstrap,3,17,18
2026-10-09,ci.yml,cpu-matrix-shard,rv64 sifive-u54 rva22s64,step,Run script/ci-build cpu-matrix,3,702,709
2026-10-09,ci.yml,cpu-matrix-shard,rv64 sifive-u54 rva22s64,step,Set up job,3,1,1
2026-10-09,ci.yml,cpu-matrix-shard,rv64 sifive-u54 rva22s64,step,Start the job wall-time clock,3,0,1
2026-10-09,ci.yml,cpu-matrix-shard,rv64 sifive-u54 rva22s64,step,Summarize where the time went,3,0,1
2026-10-09,ci.yml,cpu-matrix-shard,rv64 sifive-u54 rva22s64,step,Upload the time record,3,0,1
2026-10-09,ci.yml,cpu-matrix-shard,rva23s64 thead-c906,job,,3,549,551
2026-10-09,ci.yml,cpu-matrix-shard,rva23s64 thead-c906,step,Build QEMU if the cache missed,3,2,2
2026-10-09,ci.yml,cpu-matrix-shard,rva23s64 thead-c906,step,Cache QEMU,3,3,3
2026-10-09,ci.yml,cpu-matrix-shard,rva23s64 thead-c906,step,Check the job's wall time against its budget,3,0,0
2026-10-09,ci.yml,cpu-matrix-shard,rva23s64 thead-c906,step,Complete job,3,0,0
2026-10-09,ci.yml,cpu-matrix-shard,rva23s64 thead-c906,step,Post Cache QEMU,3,0,1
2026-10-09,ci.yml,cpu-matrix-shard,rva23s64 thead-c906,step,Post Run actions/checkout@3d3c42e5aac5ba805825da76410c181273ba90b1,3,0,1
2026-10-09,ci.yml,cpu-matrix-shard,rva23s64 thead-c906,step,Put it on PATH,3,0,0
2026-10-09,ci.yml,cpu-matrix-shard,rva23s64 thead-c906,step,Run actions/checkout@3d3c42e5aac5ba805825da76410c181273ba90b1,3,5,5
2026-10-09,ci.yml,cpu-matrix-shard,rva23s64 thead-c906,step,Run script/bootstrap,3,20,21
2026-10-09,ci.yml,cpu-matrix-shard,rva23s64 thead-c906,step,Run script/ci-build cpu-matrix,3,514,519
2026-10-09,ci.yml,cpu-matrix-shard,rva23s64 thead-c906,step,Set up job,3,1,1
2026-10-09,ci.yml,cpu-matrix-shard,rva23s64 thead-c906,step,Start the job wall-time clock,3,0,0
2026-10-09,ci.yml,cpu-matrix-shard,rva23s64 thead-c906,step,Summarize where the time went,3,0,0
2026-10-09,ci.yml,cpu-matrix-shard,rva23s64 thead-c906,step,Upload the time record,3,1,1
2026-10-09,ci.yml,fastpath-footprint,,job,,3,65,66
2026-10-09,ci.yml,fastpath-footprint,,step,Check the job's wall time against its budget,3,0,1
2026-10-09,ci.yml,fastpath-footprint,,step,Complete job,3,0,0
2026-10-09,ci.yml,fastpath-footprint,,step,Install the bare-metal targets and llvm-tools,3,19,20
2026-10-09,ci.yml,fastpath-footprint,,step,Post Run actions/checkout@3d3c42e5aac5ba805825da76410c181273ba90b1,3,1,1
2026-10-09,ci.yml,fastpath-footprint,,step,Run actions/checkout@3d3c42e5aac5ba805825da76410c181273ba90b1,3,3,3
2026-10-09,ci.yml,fastpath-footprint,,step,Run script/ci-build fastpath-footprint,3,37,38
2026-10-09,ci.yml,fastpath-footprint,,step,Set up job,3,1,1
2026-10-09,ci.yml,fastpath-footprint,,step,Start the job wall-time clock,3,0,0
2026-10-09,ci.yml,fmt,,job,,3,32,36
2026-10-09,ci.yml,fmt,,step,Check the job's wall time against its budget,3,0,0
2026-10-09,ci.yml,fmt,,step,Complete job,3,0,0
2026-10-09,ci.yml,fmt,,step,Install rustfmt (pinned nightly),3,7,8
2026-10-09,ci.yml,fmt,,step,Post Run actions/checkout@3d3c42e5aac5ba805825da76410c181273ba90b1,3,0,1
2026-10-09,ci.yml,fmt,,step,Run actions/checkout@3d3c42e5aac5ba805825da76410c181273ba90b1,3,3,3
2026-10-09,ci.yml,fmt,,step,Run script/ci-build fmt,3,18,21
2026-10-09,ci.yml,fmt,,step,Set up job,3,0,1
2026-10-09,ci.yml,fmt,,step,Start the job wall-time clock,3,0,1
2026-10-09,ci.yml,fuzz,,job,,3,709,712
2026-10-09,ci.yml,fuzz,,step,Check the job's wall time against its budget,3,0,0
2026-10-09,ci.yml,fuzz,,step,Complete job,3,0,0
2026-10-09,ci.yml,fuzz,,step,Post Run actions/checkout@3d3c42e5aac5ba805825da76410c181273ba90b1,3,0,0
2026-10-09,ci.yml,fuzz,,step,Run actions/checkout@3d3c42e5aac5ba805825da76410c181273ba90b1,3,5,6
2026-10-09,ci.yml,fuzz,,step,Run script/ci-build fuzz,3,701,701
2026-10-09,ci.yml,fuzz,,step,Set up job,3,1,1
2026-10-09,ci.yml,fuzz,,step,Start the job wall-time clock,3,0,0
2026-10-09,ci.yml,gate,,job,,3,10,12
2026-10-09,ci.yml,gate,,step,Check the job's wall time against its budget,3,0,0
2026-10-09,ci.yml,gate,,step,Complete job,3,0,0
2026-10-09,ci.yml,gate,,step,Is this change prose that no build or test reads?,3,1,2
2026-10-09,ci.yml,gate,,step,Post Run actions/checkout@3d3c42e5aac5ba805825da76410c181273ba90b1,3,0,0
2026-10-09,ci.yml,gate,,step,Run # A′: a push to `main` whose exact commit a merge group already tested. See the comment,3,0,0
2026-10-09,ci.yml,gate,,step,Run actions/checkout@3d3c42e5aac5ba805825da76410c181273ba90b1,3,5,6
2026-10-09,ci.yml,gate,,step,Set up job,3,1,1
2026-10-09,ci.yml,gate,,step,Start the job wall-time clock,3,0,0
2026-10-09,ci.yml,image-permissions,,job,,3,53,60
2026-10-09,ci.yml,image-permissions,,step,Check the job's wall time against its budget,3,0,0
2026-10-09,ci.yml,image-permissions,,step,Complete job,3,0,0
2026-10-09,ci.yml,image-permissions,,step,Install the bare-metal targets,3,13,18
2026-10-09,ci.yml,image-permissions,,step,Post Run actions/checkout@3d3c42e5aac5ba805825da76410c181273ba90b1,3,0,1
2026-10-09,ci.yml,image-permissions,,step,Run actions/checkout@3d3c42e5aac5ba805825da76410c181273ba90b1,3,3,4
2026-10-09,ci.yml,image-permissions,,step,Run script/ci-build image-permissions,3,32,35
2026-10-09,ci.yml,image-permissions,,step,Set up job,3,1,1
2026-10-09,ci.yml,image-permissions,,step,Start the job wall-time clock,3,0,0
2026-10-09,ci.yml,interleavings,,job,,3,43,44
2026-10-09,ci.yml,interleavings,,step,Check the job's wall time against its budget,3,0,0
2026-10-09,ci.yml,interleavings,,step,Complete job,3,0,0
2026-10-09,ci.yml,interleavings,,step,Post Run actions/checkout@3d3c42e5aac5ba805825da76410c181273ba90b1,3,0,0
2026-10-09,ci.yml,interleavings,,step,Run actions/checkout@3d3c42e5aac5ba805825da76410c181273ba90b1,3,5,5
2026-10-09,ci.yml,interleavings,,step,Run script/interleaving-check,3,36,36
2026-10-09,ci.yml,interleavings,,step,Set up job,3,1,1
2026-10-09,ci.yml,interleavings,,step,Start the job wall-time clock,3,0,0
2026-10-09,ci.yml,lint,,job,,3,351,379
2026-10-09,ci.yml,lint,,step,Check the job's wall time against its budget,3,0,0
2026-10-09,ci.yml,lint,,step,Complete job,3,0,0
2026-10-09,ci.yml,lint,,step,Install clang (the C component's compiler) and shellcheck,3,12,19
2026-10-09,ci.yml,lint,,step,Install clippy and the bare-metal target,3,10,10
2026-10-09,ci.yml,lint,,step,"Install the lint tools (cargo-machete, typos)",3,94,103
2026-10-09,ci.yml,lint,,step,Post Run Swatinem/rust-cache@6323deb102c322ba6fcbdcafc7e3dddab59af2b6,3,0,0
2026-10-09,ci.yml,lint,,step,Post Run actions/checkout@3d3c42e5aac5ba805825da76410c181273ba90b1,3,0,0
2026-10-09,ci.yml,lint,,step,Run Swatinem/rust-cache@6323deb102c322ba6fcbdcafc7e3dddab59af2b6,3,19,20
2026-10-09,ci.yml,lint,,step,Run actions/checkout@3d3c42e5aac5ba805825da76410c181273ba90b1,3,5,6
2026-10-09,ci.yml,lint,,step,Run script/ci-build lint,3,201,230
2026-10-09,ci.yml,lint,,step,Selftest of script/metrics,3,0,0
2026-10-09,ci.yml,lint,,step,Set up job,3,1,2
2026-10-09,ci.yml,lint,,step,Start the job wall-time clock,3,0,0
2026-10-09,ci.yml,stack-frame-check,,job,,3,113,115
2026-10-09,ci.yml,stack-frame-check,,step,Check the job's wall time against its budget,3,0,0
2026-10-09,ci.yml,stack-frame-check,,step,Complete job,3,0,0
2026-10-09,ci.yml,stack-frame-check,,step,Install the bare-metal targets and llvm-tools,3,14,14
2026-10-09,ci.yml,stack-frame-check,,step,Post Run actions/checkout@3d3c42e5aac5ba805825da76410c181273ba90b1,3,0,1
2026-10-09,ci.yml,stack-frame-check,,step,Run actions/checkout@3d3c42e5aac5ba805825da76410c181273ba90b1,3,2,4
2026-10-09,ci.yml,stack-frame-check,,step,Run script/ci-build stack-depth-check,3,50,51
2026-10-09,ci.yml,stack-frame-check,,step,Run script/ci-build stack-frame-check,3,43,45
2026-10-09,ci.yml,stack-frame-check,,step,Set up job,3,1,1
2026-10-09,ci.yml,stack-frame-check,,step,Start the job wall-time clock,3,0,0
2026-10-09,ci.yml,supply-chain,,job,,3,33,36
2026-10-09,ci.yml,supply-chain,,step,Cache the vendored tarballs,3,0,0
2026-10-09,ci.yml,supply-chain,,step,Check the job's wall time against its budget,3,0,0
2026-10-09,ci.yml,supply-chain,,step,Complete job,3,0,0
2026-10-09,ci.yml,supply-chain,,step,Post Cache the vendored tarballs,3,1,1
2026-10-09,ci.yml,supply-chain,,step,Post Run actions/checkout@3d3c42e5aac5ba805825da76410c181273ba90b1,3,0,0
2026-10-09,ci.yml,supply-chain,,step,Read the pinned cargo-deny version,3,0,0
2026-10-09,ci.yml,supply-chain,,step,Run actions/checkout@3d3c42e5aac5ba805825da76410c181273ba90b1,3,2,3
2026-10-09,ci.yml,supply-chain,,step,Run script/ci-build supply-chain,3,24,28
2026-10-09,ci.yml,supply-chain,,step,Run taiki-e/install-action@83ac0ad63c0167e6f06796fab0fce28db1bf3db0,3,1,1
2026-10-09,ci.yml,supply-chain,,step,Set up job,3,1,2
2026-10-09,ci.yml,supply-chain,,step,Start the job wall-time clock,3,0,0
2026-10-09,ci.yml,swish-check,,job,,3,413,425
2026-10-09,ci.yml,swish-check,,step,Build QEMU if the cache missed,3,2,2
2026-10-09,ci.yml,swish-check,,step,Cache QEMU,3,3,3
2026-10-09,ci.yml,swish-check,,step,Check the job's wall time against its budget,3,0,0
2026-10-09,ci.yml,swish-check,,step,Complete job,3,0,0
2026-10-09,ci.yml,swish-check,,step,Post Cache QEMU,3,0,0
2026-10-09,ci.yml,swish-check,,step,Post Run actions/checkout@3d3c42e5aac5ba805825da76410c181273ba90b1,3,0,1
2026-10-09,ci.yml,swish-check,,step,Put it on PATH,3,0,0
2026-10-09,ci.yml,swish-check,,step,Run actions/checkout@3d3c42e5aac5ba805825da76410c181273ba90b1,3,5,5
2026-10-09,ci.yml,swish-check,,step,Run script/bootstrap,3,17,18
2026-10-09,ci.yml,swish-check,,step,Run script/ci-build swish-check-aarch64-riscv64,3,380,395
2026-10-09,ci.yml,swish-check,,step,Set up job,3,0,1
2026-10-09,ci.yml,swish-check,,step,Start the job wall-time clock,3,0,0
2026-10-09,ci.yml,swish-check-x86_64,,job,,3,324,347
2026-10-09,ci.yml,swish-check-x86_64,,step,Build QEMU if the cache missed,3,4,5
2026-10-09,ci.yml,swish-check-x86_64,,step,Cache QEMU,3,3,3
2026-10-09,ci.yml,swish-check-x86_64,,step,Check the job's wall time against its budget,3,0,0
2026-10-09,ci.yml,swish-check-x86_64,,step,Complete job,3,0,1
2026-10-09,ci.yml,swish-check-x86_64,,step,Open /dev/kvm to the runner user,3,0,0
2026-10-09,ci.yml,swish-check-x86_64,,step,Post Cache QEMU,3,0,0
2026-10-09,ci.yml,swish-check-x86_64,,step,Post Run actions/checkout@3d3c42e5aac5ba805825da76410c181273ba90b1,3,1,1
2026-10-09,ci.yml,swish-check-x86_64,,step,Put it on PATH,3,0,0
2026-10-09,ci.yml,swish-check-x86_64,,step,Run actions/checkout@3d3c42e5aac5ba805825da76410c181273ba90b1,3,5,7
2026-10-09,ci.yml,swish-check-x86_64,,step,Run script/bootstrap,3,25,28
2026-10-09,ci.yml,swish-check-x86_64,,step,Run script/ci-build swish-check-x86_64,3,290,303
2026-10-09,ci.yml,swish-check-x86_64,,step,Set up job,3,1,1
2026-10-09,ci.yml,swish-check-x86_64,,step,Start the job wall-time clock,3,0,0
2026-10-09,ci.yml,test,,job,,3,782,803
2026-10-09,ci.yml,test,,step,Build QEMU if the cache missed,3,2,11
2026-10-09,ci.yml,test,,step,Cache QEMU,3,2,3
2026-10-09,ci.yml,test,,step,Check the job's wall time against its budget,3,0,0
2026-10-09,ci.yml,test,,step,Complete job,3,0,0
2026-10-09,ci.yml,test,,step,Post Cache QEMU,3,0,0
2026-10-09,ci.yml,test,,step,Post Run actions/checkout@3d3c42e5aac5ba805825da76410c181273ba90b1,3,0,0
2026-10-09,ci.yml,test,,step,Put it on PATH,3,0,0
2026-10-09,ci.yml,test,,step,Run actions/checkout@3d3c42e5aac5ba805825da76410c181273ba90b1,3,4,4
2026-10-09,ci.yml,test,,step,Run script/bootstrap,3,17,26
2026-10-09,ci.yml,test,,step,Run script/ci-build test,3,754,755
2026-10-09,ci.yml,test,,step,Set up job,3,1,2
2026-10-09,ci.yml,test,,step,Start the job wall-time clock,3,0,0
2026-10-09,ci.yml,test,,step,Summarize where the time went,3,0,1
2026-10-09,ci.yml,test,,step,Upload the time record,3,1,1
2026-10-09,ci.yml,watchdog,,job,,3,9,10
2026-10-09,ci.yml,watchdog,,step,Check the job's wall time against its budget,3,0,0
2026-10-09,ci.yml,watchdog,,step,Complete job,3,0,0
2026-10-09,ci.yml,watchdog,,step,Does this change touch the watchdog?,3,0,0
2026-10-09,ci.yml,watchdog,,step,Post Run actions/checkout@3d3c42e5aac5ba805825da76410c181273ba90b1,3,0,1
2026-10-09,ci.yml,watchdog,,step,Run actions/checkout@3d3c42e5aac5ba805825da76410c181273ba90b1,3,5,5
2026-10-09,ci.yml,watchdog,,step,Set up job,3,1,1
2026-10-09,ci.yml,watchdog,,step,Start the job wall-time clock,3,0,0
2026-10-09,verify.yml,falsify,,job,,3,3,3
2026-10-09,verify.yml,falsify,,step,Complete job,3,0,0
2026-10-09,verify.yml,falsify,,step,Report the shards' combined result,3,0,0
2026-10-09,verify.yml,falsify,,step,Set up job,3,0,0
2026-10-09,verify.yml,gate,,job,,3,10,12
2026-10-09,verify.yml,gate,,step,Complete job,3,0,0
2026-10-09,verify.yml,gate,,step,Is this change prose that no build or test reads?,3,1,1
2026-10-09,verify.yml,gate,,step,Post Run actions/checkout@3d3c42e5aac5ba805825da76410c181273ba90b1,3,1,1
2026-10-09,verify.yml,gate,,step,Run # A′: a push to `main` whose exact commit a merge group already tested. See the comment,3,0,0
2026-10-09,verify.yml,gate,,step,Run actions/checkout@3d3c42e5aac5ba805825da76410c181273ba90b1,3,6,7
2026-10-09,verify.yml,gate,,step,Set up job,3,1,1
2026-10-09,verify.yml,scope,,job,,3,9,33
2026-10-09,verify.yml,scope,,step,Complete job,3,0,0
2026-10-09,verify.yml,scope,,step,Does this change need the proofs?,3,0,25
2026-10-09,verify.yml,scope,,step,Post Run actions/checkout@3d3c42e5aac5ba805825da76410c181273ba90b1,3,0,0
2026-10-09,verify.yml,scope,,step,Run actions/checkout@3d3c42e5aac5ba805825da76410c181273ba90b1,3,5,6
2026-10-09,verify.yml,scope,,step,Set up job,3,1,1
2026-10-09,verify.yml,verify,,job,,3,4,5
2026-10-09,verify.yml,verify,,step,Complete job,3,0,0
2026-10-09,verify.yml,verify,,step,Report the shards' combined result,3,1,1
2026-10-09,verify.yml,verify,,step,Set up job,3,0,0
