crate,function,mutation,disposition,reason
component_plan,Refusal::message,"replace Refusal::message -> &'static str with ""xyzzy""",killed,killed; the ledger's component_plan section (census-2026-10-03-triage.md) says the sweep afterwards reports only that section's equivalents and gaps
component_plan,Requirements::problem,replace < with <=,equivalent,at i == len the inner loop starts past the end and nothing indexes caps[i]
component_plan,Requirements::problem,replace < with ==,killed,killed; the ledger's component_plan section (census-2026-10-03-triage.md) says the sweep afterwards reports only that section's equivalents and gaps
component_plan,Requirements::problem,replace < with >,killed,killed; the ledger's component_plan section (census-2026-10-03-triage.md) says the sweep afterwards reports only that section's equivalents and gaps
component_plan,dependents,replace += with *=,killed,killed; the ledger's component_plan section (census-2026-10-03-triage.md) says the sweep afterwards reports only that section's equivalents and gaps
component_plan,dependents,replace += with -=,killed,killed; the ledger's component_plan section (census-2026-10-03-triage.md) says the sweep afterwards reports only that section's equivalents and gaps
component_plan,dependents,replace > with >=,killed,killed; the ledger's component_plan section (census-2026-10-03-triage.md) says the sweep afterwards reports only that section's equivalents and gaps
component_plan,plan,replace > with ==,killed,killed; the ledger's component_plan section (census-2026-10-03-triage.md) says the sweep afterwards reports only that section's equivalents and gaps
component_plan,plan,replace > with >=,killed,killed; the ledger's component_plan section (census-2026-10-03-triage.md) says the sweep afterwards reports only that section's equivalents and gaps
component_plan,slot_of,replace < with <=,killed,killed; the ledger's component_plan section (census-2026-10-03-triage.md) says the sweep afterwards reports only that section's equivalents and gaps
entropy_protocol,bringup_failure,replace | with ^,equivalent,"operands are disjoint by contract, or both arms return the same at the boundary"
entropy_protocol,req,replace | with ^,equivalent,"operands are disjoint by contract, or both arms return the same at the boundary"
entropy_protocol,want,replace > with >=,equivalent,"operands are disjoint by contract, or both arms return the same at the boundary"
firmware_configuration,DirectoryEntry::is,replace > with >=,killed,killed; the ledger's firmware_configuration and sealed_pair section (census-2026-10-03-triage.md) says the sweep afterwards reports only that section's equivalents and gaps
firmware_configuration,DmaCommand::read,replace | with ^,equivalent,"key << 16, SELECT and READ occupy disjoint bits"
firmware_configuration,DmaCommand::write,replace | with ^,equivalent,"key << 16, SELECT and WRITE occupy disjoint bits"
globally_unique_identifier_partition_table,,replace << with >>,equivalent,"disjoint bits, algebra, the next comparison, or a 64-bit usize (see the ledger's section)"
globally_unique_identifier_partition_table,GloballyUniqueIdentifierPartitionTable<'a>::parse,replace < with <=,equivalent,"disjoint bits, algebra, the next comparison, or a 64-bit usize (see the ledger's section)"
globally_unique_identifier_partition_table,Guid::try_from_ascii,replace | with ^,equivalent,"disjoint bits, algebra, the next comparison, or a 64-bit usize (see the ledger's section)"
globally_unique_identifier_partition_table,Guid::v4_from_random,replace | with ^,equivalent,"disjoint bits, algebra, the next comparison, or a 64-bit usize (see the ledger's section)"
globally_unique_identifier_partition_table,Span::buffer_bytes,replace match guard n <= usize::MAX as u64 with true,equivalent,"disjoint bits, algebra, the next comparison, or a 64-bit usize (see the ledger's section)"
globally_unique_identifier_partition_table,types::name,delete match arm NIFE_BOOT,killed,killed; the ledger's globally_unique_identifier_partition_table section (census-2026-10-03-triage.md) says the sweep afterwards reports only that section's equivalents and gaps
grant_plan,,delete field runtime from struct Manifest expression,killed,killed; the ledger's grant_plan section (census-2026-10-03-triage-part-3.md) says the sweep afterwards reports only that section's equivalents and gaps
grant_plan,,replace + with *,killed,killed; the ledger's grant_plan section (census-2026-10-03-triage-part-3.md) says the sweep afterwards reports only that section's equivalents and gaps
grant_plan,,replace + with -,killed,killed; the ledger's grant_plan section (census-2026-10-03-triage-part-3.md) says the sweep afterwards reports only that section's equivalents and gaps
grant_plan,,replace - with /,killed,killed; the ledger's grant_plan section (census-2026-10-03-triage-part-3.md) says the sweep afterwards reports only that section's equivalents and gaps
grant_plan,,replace << with >>,equivalent,1 << 0 as 1 >> 0 is the same number
grant_plan,Designation::is_here,replace Designation::is_here -> bool with false,killed,killed; the ledger's grant_plan section (census-2026-10-03-triage-part-3.md) says the sweep afterwards reports only that section's equivalents and gaps
grant_plan,Flags::try_new,replace < with >,killed,killed; the ledger's grant_plan section (census-2026-10-03-triage-part-3.md) says the sweep afterwards reports only that section's equivalents and gaps
grant_plan,Flags::try_new,replace > with ==,killed,killed; the ledger's grant_plan section (census-2026-10-03-triage-part-3.md) says the sweep afterwards reports only that section's equivalents and gaps
grant_plan,Flags::try_new,replace > with >=,killed,killed; the ledger's grant_plan section (census-2026-10-03-triage-part-3.md) says the sweep afterwards reports only that section's equivalents and gaps
grant_plan,NameSet::keep_smallest,replace - with /,killed,killed; the ledger's grant_plan section (census-2026-10-03-triage-part-3.md) says the sweep afterwards reports only that section's equivalents and gaps
grant_plan,NameSet::keep_smallest,replace > with >=,equivalent,differs only for two equal names and a directory lists a name once
grant_plan,NameSet::last,replace > with >=,killed,killed; the ledger's grant_plan section (census-2026-10-03-triage-part-3.md) says the sweep afterwards reports only that section's equivalents and gaps
grant_plan,RunSpec<'a>::is_quoted,replace < with <=,killed,killed; the ledger's grant_plan section (census-2026-10-03-triage-part-3.md) says the sweep afterwards reports only that section's equivalents and gaps
grant_plan,SecondDir::mount,replace SecondDir::mount -> nav::Cwd with Default::default(),killed,killed; the ledger's grant_plan section (census-2026-10-03-triage-part-3.md) says the sweep afterwards reports only that section's equivalents and gaps
grant_plan,WordGrant::rights,replace << with >>,equivalent,the rights bits are disjoint; 1 << 0 as 1 >> 0 is the same number
grant_plan,WordGrant::rights,replace | with ^,equivalent,the rights bits are disjoint; 1 << 0 as 1 >> 0 is the same number
grant_plan,all_distinct_ids,replace < with <=,equivalent,at i == len the inner loop has nothing to compare
grant_plan,all_distinct_ids,replace < with ==,killed,killed; the ledger's grant_plan section (census-2026-10-03-triage-part-3.md) says the sweep afterwards reports only that section's equivalents and gaps
grant_plan,all_distinct_ids,replace < with >,killed,killed; the ledger's grant_plan section (census-2026-10-03-triage-part-3.md) says the sweep afterwards reports only that section's equivalents and gaps
grant_plan,all_distinct_ids,replace all_distinct_ids -> bool with true,killed,killed; the ledger's grant_plan section (census-2026-10-03-triage-part-3.md) says the sweep afterwards reports only that section's equivalents and gaps
grant_plan,all_distinct_names,replace < with <=,equivalent,at i == len the inner loop has nothing to compare
grant_plan,all_distinct_names,replace < with ==,killed,killed; the ledger's grant_plan section (census-2026-10-03-triage-part-3.md) says the sweep afterwards reports only that section's equivalents and gaps
grant_plan,all_distinct_names,replace < with >,killed,killed; the ledger's grant_plan section (census-2026-10-03-triage-part-3.md) says the sweep afterwards reports only that section's equivalents and gaps
grant_plan,all_distinct_names,replace all_distinct_names -> bool with true,killed,killed; the ledger's grant_plan section (census-2026-10-03-triage-part-3.md) says the sweep afterwards reports only that section's equivalents and gaps
grant_plan,check_words,replace + with *,killed,killed; the ledger's grant_plan section (census-2026-10-03-triage-part-3.md) says the sweep afterwards reports only that section's equivalents and gaps
grant_plan,check_words,replace += with *=,killed,killed; the ledger's grant_plan section (census-2026-10-03-triage-part-3.md) says the sweep afterwards reports only that section's equivalents and gaps
grant_plan,check_words,replace > with ==,killed,killed; the ledger's grant_plan section (census-2026-10-03-triage-part-3.md) says the sweep afterwards reports only that section's equivalents and gaps
grant_plan,check_words,replace > with >=,killed,killed; the ledger's grant_plan section (census-2026-10-03-triage-part-3.md) says the sweep afterwards reports only that section's equivalents and gaps
grant_plan,image_can_carry,replace && with ||,killed,killed; the ledger's grant_plan section (census-2026-10-03-triage-part-3.md) says the sweep afterwards reports only that section's equivalents and gaps
grant_plan,image_region_pages,replace + with *,killed,killed; the ledger's grant_plan section (census-2026-10-03-triage-part-3.md) says the sweep afterwards reports only that section's equivalents and gaps
grant_plan,image_region_pages,replace + with -,killed,killed; the ledger's grant_plan section (census-2026-10-03-triage-part-3.md) says the sweep afterwards reports only that section's equivalents and gaps
grant_plan,image_region_pages,replace image_region_pages -> u64 with 0,killed,killed; the ledger's grant_plan section (census-2026-10-03-triage-part-3.md) says the sweep afterwards reports only that section's equivalents and gaps
grant_plan,image_region_pages,replace image_region_pages -> u64 with 1,killed,killed; the ledger's grant_plan section (census-2026-10-03-triage-part-3.md) says the sweep afterwards reports only that section's equivalents and gaps
grant_plan,same_bytes,replace != with ==,killed,killed; the ledger's grant_plan section (census-2026-10-03-triage-part-3.md) says the sweep afterwards reports only that section's equivalents and gaps
grant_plan,same_bytes,replace += with *=,killed,killed; the ledger's grant_plan section (census-2026-10-03-triage-part-3.md) says the sweep afterwards reports only that section's equivalents and gaps
grant_plan,same_bytes,replace += with -=,killed,killed; the ledger's grant_plan section (census-2026-10-03-triage-part-3.md) says the sweep afterwards reports only that section's equivalents and gaps
grant_plan,same_bytes,replace < with <=,killed,killed; the ledger's grant_plan section (census-2026-10-03-triage-part-3.md) says the sweep afterwards reports only that section's equivalents and gaps
grant_plan,same_bytes,replace same_bytes -> bool with false,killed,killed; the ledger's grant_plan section (census-2026-10-03-triage-part-3.md) says the sweep afterwards reports only that section's equivalents and gaps
loaded_image_check,stack_works,replace stack_works -> bool with true,equivalent,"every path returns true; its job is to touch stack, which only a run in the guest shows"
loaded_image_check,verify,replace verify with (),killed,killed; the ledger's loaded_image_check and uptime section (census-2026-10-03-triage.md) says the sweep afterwards reports only that section's equivalents and gaps
paging,,replace << with >>,equivalent,a shift of zero is the same number
paging,<impl PageFormat for Aarch64>::block_entry,replace | with ^,equivalent,OR of a masked address with flag bits that each sit in their own position
paging,<impl PageFormat for Aarch64>::leaf_entry,replace | with ^,equivalent,OR of a masked address with flag bits that each sit in their own position
paging,<impl PageFormat for Aarch64>::table_entry,replace | with ^,equivalent,OR of a masked address with flag bits that each sit in their own position
paging,<impl PageFormat for Ia32e>::block_entry,replace | with ^,equivalent,OR of a masked address with flag bits that each sit in their own position
paging,<impl PageFormat for Ia32e>::leaf_entry,replace | with ^,equivalent,OR of a masked address with flag bits that each sit in their own position
paging,<impl PageFormat for Ia32e>::leaf_flags,replace & with ^,killed,killed; the ledger's paging section (census-2026-10-03-triage-part-3.md) says the sweep afterwards reports only that section's equivalents and gaps
paging,<impl PageFormat for Ia32e>::leaf_flags,replace & with |,killed,killed; the ledger's paging section (census-2026-10-03-triage-part-3.md) says the sweep afterwards reports only that section's equivalents and gaps
paging,<impl PageFormat for Ia32e>::table_entry,replace | with ^,equivalent,OR of a masked address with flag bits that each sit in their own position
paging,<impl PageFormat for Sv39>::is_block,replace | with ^,equivalent,OR of a masked address with flag bits that each sit in their own position
paging,<impl PageFormat for Sv39>::leaf_entry,replace | with ^,equivalent,OR of a masked address with flag bits that each sit in their own position
paging,<impl PageFormat for Sv39>::table_entry,replace | with ^,equivalent,OR of a masked address with flag bits that each sit in their own position
paging,<impl PageFormat for Vtd>::is_present,replace | with ^,equivalent,OR of a masked address with flag bits that each sit in their own position
paging,<impl PageFormat for Vtd>::leaf_entry,replace | with ^,equivalent,OR of a masked address with flag bits that each sit in their own position
paging,<impl PageFormat for Vtd>::table_entry,replace | with ^,equivalent,OR of a masked address with flag bits that each sit in their own position
paging,Flags::device,replace | with ^,equivalent,OR of a masked address with flag bits that each sit in their own position
paging,Flags::kernel_code,replace | with ^,equivalent,OR of a masked address with flag bits that each sit in their own position
paging,Flags::kernel_data,replace | with ^,equivalent,OR of a masked address with flag bits that each sit in their own position
paging,Flags::user_code,replace | with ^,equivalent,OR of a masked address with flag bits that each sit in their own position
paging,Flags::user_data,replace | with ^,equivalent,OR of a masked address with flag bits that each sit in their own position
paging,Flags::user_device,replace | with ^,equivalent,OR of a masked address with flag bits that each sit in their own position
paging,Ia32e::attrs,replace | with ^,equivalent,OR of a masked address with flag bits that each sit in their own position
paging,Sv39::attrs,replace | with ^,equivalent,OR of a masked address with flag bits that each sit in their own position
pgrep,,replace | with ^,equivalent,"the four state bits in state::EVERY are disjoint, so OR and XOR agree"
pgrep,Selector::mask,replace Selector::mask -> u64 with 0,killed,"killed; the ledger's ps, pgrep, pmap section (census-2026-10-03-triage.md) says the sweep afterwards reports only that section's equivalents and gaps"
pgrep,Selector::mask,replace Selector::mask -> u64 with 1,killed,"killed; the ledger's ps, pgrep, pmap section (census-2026-10-03-triage.md) says the sweep afterwards reports only that section's equivalents and gaps"
pgrep,Selector::selects,replace < with <=,killed,"killed; the ledger's ps, pgrep, pmap section (census-2026-10-03-triage.md) says the sweep afterwards reports only that section's equivalents and gaps"
pmap,kind_name,delete match arm abi::address_space::MAP_RO,killed,"killed; the ledger's ps, pgrep, pmap section (census-2026-10-03-triage.md) says the sweep afterwards reports only that section's equivalents and gaps"
pmap,refusal,delete match arm Some(abi::Error::NoSuchSlot),killed,"killed; the ledger's ps, pgrep, pmap section (census-2026-10-03-triage.md) says the sweep afterwards reports only that section's equivalents and gaps"
pmap,refusal,delete match arm Some(abi::Error::WrongObject),killed,"killed; the ledger's ps, pgrep, pmap section (census-2026-10-03-triage.md) says the sweep afterwards reports only that section's equivalents and gaps"
pmap,write_va,replace + with *,killed,"killed; the ledger's ps, pgrep, pmap section (census-2026-10-03-triage.md) says the sweep afterwards reports only that section's equivalents and gaps"
pmap,write_va,replace < with <=,killed,"killed; the ledger's ps, pgrep, pmap section (census-2026-10-03-triage.md) says the sweep afterwards reports only that section's equivalents and gaps"
ps,refusal,delete match arm Some(abi::Error::NoSuchSlot),killed,"killed; the ledger's ps, pgrep, pmap section (census-2026-10-03-triage.md) says the sweep afterwards reports only that section's equivalents and gaps"
ps,refusal,delete match arm Some(abi::Error::WrongObject),killed,"killed; the ledger's ps, pgrep, pmap section (census-2026-10-03-triage.md) says the sweep afterwards reports only that section's equivalents and gaps"
ps,state_name,delete match arm abi::survey::BLOCKED,killed,"killed; the ledger's ps, pgrep, pmap section (census-2026-10-03-triage.md) says the sweep afterwards reports only that section's equivalents and gaps"
ps,state_name,delete match arm abi::survey::READY,killed,"killed; the ledger's ps, pgrep, pmap section (census-2026-10-03-triage.md) says the sweep afterwards reports only that section's equivalents and gaps"
ps,write_millis,replace - with +,killed,"killed; the ledger's ps, pgrep, pmap section (census-2026-10-03-triage.md) says the sweep afterwards reports only that section's equivalents and gaps"
ps,write_millis,replace - with /,killed,"killed; the ledger's ps, pgrep, pmap section (census-2026-10-03-triage.md) says the sweep afterwards reports only that section's equivalents and gaps"
ps,write_thread_id,replace - with +,killed,"killed; the ledger's ps, pgrep, pmap section (census-2026-10-03-triage.md) says the sweep afterwards reports only that section's equivalents and gaps"
ps,write_thread_id,replace - with /,killed,"killed; the ledger's ps, pgrep, pmap section (census-2026-10-03-triage.md) says the sweep afterwards reports only that section's equivalents and gaps"
sealed_pair,,replace <impl std::fmt::Display for Unreadable>::fmt -> std::fmt::Result with Ok(Default::default()),killed,killed; the ledger's firmware_configuration and sealed_pair section (census-2026-10-03-triage.md) says the sweep afterwards reports only that section's equivalents and gaps
sealed_pair,Seal::explain,replace == with !=,killed,killed; the ledger's firmware_configuration and sealed_pair section (census-2026-10-03-triage.md) says the sweep afterwards reports only that section's equivalents and gaps
sealed_pair,Seal::explain,replace match guard !disagreements.is_empty() with true,killed,killed; the ledger's firmware_configuration and sealed_pair section (census-2026-10-03-triage.md) says the sweep afterwards reports only that section's equivalents and gaps
socket_protocol,listen_grant,replace | with ^,equivalent,operands are disjoint by contract
socket_protocol,req,replace | with ^,equivalent,operands are disjoint by contract
socket_protocol,udp_bind_grant,replace | with ^,equivalent,operands are disjoint by contract
system_log,,replace + with *,killed,killed; the ledger's system_log section (census-2026-10-03-triage-part-3.md) says the sweep afterwards reports only that section's equivalents and gaps
system_log,Assembler::push,replace += with *=,killed,killed; the ledger's system_log section (census-2026-10-03-triage-part-3.md) says the sweep afterwards reports only that section's equivalents and gaps
system_log,Assembler::push,replace > with >=,killed,killed; the ledger's system_log section (census-2026-10-03-triage-part-3.md) says the sweep afterwards reports only that section's equivalents and gaps
system_log,Log::control,delete !,killed,killed; the ledger's system_log section (census-2026-10-03-triage-part-3.md) says the sweep afterwards reports only that section's equivalents and gaps
system_log,Log::control,replace && with ||,killed,killed; the ledger's system_log section (census-2026-10-03-triage-part-3.md) says the sweep afterwards reports only that section's equivalents and gaps
system_log,Log::control,replace += with *=,killed,killed; the ledger's system_log section (census-2026-10-03-triage-part-3.md) says the sweep afterwards reports only that section's equivalents and gaps
system_log,Log::control,replace += with -=,killed,killed; the ledger's system_log section (census-2026-10-03-triage-part-3.md) says the sweep afterwards reports only that section's equivalents and gaps
system_log,Log::control,replace < with <=,equivalent,the registry refuses the third name chunk itself
system_log,Log::control,replace match guard badge != 0 && arg < 2 && field <= control::USER with true,killed,killed; the ledger's system_log section (census-2026-10-03-triage-part-3.md) says the sweep afterwards reports only that section's equivalents and gaps
system_log,Log::control,replace match guard badge != 0 && arg <= severity::DEBUG as u64 with true,killed,killed; the ledger's system_log section (census-2026-10-03-triage-part-3.md) says the sweep afterwards reports only that section's equivalents and gaps
system_log,Log::control,replace match guard badge != 0 && field <= control::SCOPE_SYSTEM with true,killed,killed; the ledger's system_log section (census-2026-10-03-triage-part-3.md) says the sweep afterwards reports only that section's equivalents and gaps
system_log,Log::control,replace match guard badge != 0 with true,killed,killed; the ledger's system_log section (census-2026-10-03-triage-part-3.md) says the sweep afterwards reports only that section's equivalents and gaps
system_log,Log::handle,replace += with *=,killed,killed; the ledger's system_log section (census-2026-10-03-triage-part-3.md) says the sweep afterwards reports only that section's equivalents and gaps
system_log,Log::handle,replace += with -=,killed,killed; the ledger's system_log section (census-2026-10-03-triage-part-3.md) says the sweep afterwards reports only that section's equivalents and gaps
system_log,Log::held,replace Log::held -> usize with 0,killed,killed; the ledger's system_log section (census-2026-10-03-triage-part-3.md) says the sweep afterwards reports only that section's equivalents and gaps
system_log,Log::held,replace Log::held -> usize with 1,killed,killed; the ledger's system_log section (census-2026-10-03-triage-part-3.md) says the sweep afterwards reports only that section's equivalents and gaps
system_log,Log::ingest,replace Log::ingest with (),killed,killed; the ledger's system_log section (census-2026-10-03-triage-part-3.md) says the sweep afterwards reports only that section's equivalents and gaps
system_log,Out<'_>::string,delete match arm b'\n',killed,killed; the ledger's system_log section (census-2026-10-03-triage-part-3.md) says the sweep afterwards reports only that section's equivalents and gaps
system_log,Out<'_>::string,delete match arm b'\r',killed,killed; the ledger's system_log section (census-2026-10-03-triage-part-3.md) says the sweep afterwards reports only that section's equivalents and gaps
system_log,Ring::append,replace % with +,equivalent,the head and read position grow past the buffer but every access wraps again
system_log,Ring::append,replace -= with +=,killed,killed; the ledger's system_log section (census-2026-10-03-triage-part-3.md) says the sweep afterwards reports only that section's equivalents and gaps
system_log,Ring::append,replace -= with /=,killed,killed; the ledger's system_log section (census-2026-10-03-triage-part-3.md) says the sweep afterwards reports only that section's equivalents and gaps
system_log,Ring::append,replace < with <=,killed,killed; the ledger's system_log section (census-2026-10-03-triage-part-3.md) says the sweep afterwards reports only that section's equivalents and gaps
system_log,Ring::held,replace Ring::held -> usize with 0,killed,killed; the ledger's system_log section (census-2026-10-03-triage-part-3.md) says the sweep afterwards reports only that section's equivalents and gaps
system_log,Ring::held,replace Ring::held -> usize with 1,killed,killed; the ledger's system_log section (census-2026-10-03-triage-part-3.md) says the sweep afterwards reports only that section's equivalents and gaps
system_log,Ring::read,replace % with +,equivalent,the head and read position grow past the buffer but every access wraps again
system_log,Ring::read,replace && with ||,killed,killed; the ledger's system_log section (census-2026-10-03-triage-part-3.md) says the sweep afterwards reports only that section's equivalents and gaps
system_log,Ring::read,replace - with +,killed,killed; the ledger's system_log section (census-2026-10-03-triage-part-3.md) says the sweep afterwards reports only that section's equivalents and gaps
system_log,Ring::read,replace > with >=,killed,killed; the ledger's system_log section (census-2026-10-03-triage-part-3.md) says the sweep afterwards reports only that section's equivalents and gaps
timetable,,replace + with *,equivalent,only makes the horizon search longer; a rule matching nothing is answered None either way
timetable,,replace + with -,killed,killed; the ledger's timetable section (census-2026-10-03-triage-part-2-part-2.md) says the sweep afterwards reports only that section's equivalents and gaps
timetable,,replace - with /,killed,killed; the ledger's timetable section (census-2026-10-03-triage-part-2-part-2.md) says the sweep afterwards reports only that section's equivalents and gaps
timetable,,replace << with >>,killed,killed; the ledger's timetable section (census-2026-10-03-triage-part-2-part-2.md) says the sweep afterwards reports only that section's equivalents and gaps
timetable,Error::last_reachable,"delete match arm Error::Calendar(_, recurrence::Refusal::InexactRange(Some(t)))",killed,killed; the ledger's timetable section (census-2026-10-03-triage-part-2-part-2.md) says the sweep afterwards reports only that section's equivalents and gaps
timetable,Error::last_reachable,replace % with +,killed,killed; the ledger's timetable section (census-2026-10-03-triage-part-2-part-2.md) says the sweep afterwards reports only that section's equivalents and gaps
timetable,Error::last_reachable,replace % with /,killed,killed; the ledger's timetable section (census-2026-10-03-triage-part-2-part-2.md) says the sweep afterwards reports only that section's equivalents and gaps
timetable,Error::last_reachable,replace / with %,killed,killed; the ledger's timetable section (census-2026-10-03-triage-part-2-part-2.md) says the sweep afterwards reports only that section's equivalents and gaps
timetable,Error::last_reachable,replace / with *,killed,killed; the ledger's timetable section (census-2026-10-03-triage-part-2-part-2.md) says the sweep afterwards reports only that section's equivalents and gaps
timetable,Error::last_reachable,"replace Error::last_reachable -> Option<(u8, u8)> with None",killed,killed; the ledger's timetable section (census-2026-10-03-triage-part-2-part-2.md) says the sweep afterwards reports only that section's equivalents and gaps
timetable,Error::last_reachable,"replace Error::last_reachable -> Option<(u8, u8)> with Some((0, 0))",killed,killed; the ledger's timetable section (census-2026-10-03-triage-part-2-part-2.md) says the sweep afterwards reports only that section's equivalents and gaps
timetable,Error::last_reachable,"replace Error::last_reachable -> Option<(u8, u8)> with Some((0, 1))",killed,killed; the ledger's timetable section (census-2026-10-03-triage-part-2-part-2.md) says the sweep afterwards reports only that section's equivalents and gaps
timetable,Error::last_reachable,"replace Error::last_reachable -> Option<(u8, u8)> with Some((1, 0))",killed,killed; the ledger's timetable section (census-2026-10-03-triage-part-2-part-2.md) says the sweep afterwards reports only that section's equivalents and gaps
timetable,Error::last_reachable,"replace Error::last_reachable -> Option<(u8, u8)> with Some((1, 1))",killed,killed; the ledger's timetable section (census-2026-10-03-triage-part-2-part-2.md) says the sweep afterwards reports only that section's equivalents and gaps
timetable,Refusal::message,"replace Refusal::message -> &'static str with """"",killed,killed; the ledger's timetable section (census-2026-10-03-triage-part-2-part-2.md) says the sweep afterwards reports only that section's equivalents and gaps
timetable,Refusal::message,"replace Refusal::message -> &'static str with ""xyzzy""",killed,killed; the ledger's timetable section (census-2026-10-03-triage-part-2-part-2.md) says the sweep afterwards reports only that section's equivalents and gaps
timetable,Registry<'a>::arm_after,replace << with >>,killed,killed; the ledger's timetable section (census-2026-10-03-triage-part-2-part-2.md) says the sweep afterwards reports only that section's equivalents and gaps
timetable,Registry<'a>::due,replace || with &&,equivalent,redundant with w < wall_next unless the clock reads i64::MAX minutes
timetable,Registry<'a>::held,replace Registry<'a>::held -> Held with Default::default(),killed,killed; the ledger's timetable section (census-2026-10-03-triage-part-2-part-2.md) says the sweep afterwards reports only that section's equivalents and gaps
timetable,admit_installed,delete field dir from struct Holdings expression,killed,killed; the ledger's timetable section (census-2026-10-03-triage-part-2-part-2.md) says the sweep afterwards reports only that section's equivalents and gaps
timetable,admit_installed_row,delete !,killed,killed; the ledger's timetable section (census-2026-10-03-triage-part-2-part-2.md) says the sweep afterwards reports only that section's equivalents and gaps
timetable,admit_installed_row,replace match guard !held.clock with false,killed,killed; the ledger's timetable section (census-2026-10-03-triage-part-2-part-2.md) says the sweep afterwards reports only that section's equivalents and gaps
timetable,admit_installed_row,replace match guard !held.clock with true,killed,killed; the ledger's timetable section (census-2026-10-03-triage-part-2-part-2.md) says the sweep afterwards reports only that section's equivalents and gaps
timetable,date,replace || with &&,killed,killed; the ledger's timetable section (census-2026-10-03-triage-part-2-part-2.md) says the sweep afterwards reports only that section's equivalents and gaps
timetable,day_matches,replace > with >=,killed,killed; the ledger's timetable section (census-2026-10-03-triage-part-2-part-2.md) says the sweep afterwards reports only that section's equivalents and gaps
timetable,digits,replace || with &&,killed,killed; the ledger's timetable section (census-2026-10-03-triage-part-2-part-2.md) says the sweep afterwards reports only that section's equivalents and gaps
timetable,dow,"delete match arm ""sun""",killed,killed; the ledger's timetable section (census-2026-10-03-triage-part-2-part-2.md) says the sweep afterwards reports only that section's equivalents and gaps
timetable,dow,"delete match arm ""wed""",killed,killed; the ledger's timetable section (census-2026-10-03-triage-part-2-part-2.md) says the sweep afterwards reports only that section's equivalents and gaps
timetable,expect,replace match guard got == w with true,killed,killed; the ledger's timetable section (census-2026-10-03-triage-part-2-part-2.md) says the sweep afterwards reports only that section's equivalents and gaps
timetable,hhmm,replace < with <=,killed,killed; the ledger's timetable section (census-2026-10-03-triage-part-2-part-2.md) says the sweep afterwards reports only that section's equivalents and gaps
timetable,hhmm,replace || with &&,killed,killed; the ledger's timetable section (census-2026-10-03-triage-part-2-part-2.md) says the sweep afterwards reports only that section's equivalents and gaps
timetable,in_phase,replace * with /,killed,killed; the ledger's timetable section (census-2026-10-03-triage-part-2-part-2.md) says the sweep afterwards reports only that section's equivalents and gaps
timetable,in_phase,replace - with +,killed,killed; the ledger's timetable section (census-2026-10-03-triage-part-2-part-2.md) says the sweep afterwards reports only that section's equivalents and gaps
timetable,in_phase,replace / with *,killed,killed; the ledger's timetable section (census-2026-10-03-triage-part-2-part-2.md) says the sweep afterwards reports only that section's equivalents and gaps
timetable,month,"delete match arm ""aug""",killed,killed; the ledger's timetable section (census-2026-10-03-triage-part-2-part-2.md) says the sweep afterwards reports only that section's equivalents and gaps
timetable,month,"delete match arm ""dec""",killed,killed; the ledger's timetable section (census-2026-10-03-triage-part-2-part-2.md) says the sweep afterwards reports only that section's equivalents and gaps
timetable,month,"delete match arm ""feb""",killed,killed; the ledger's timetable section (census-2026-10-03-triage-part-2-part-2.md) says the sweep afterwards reports only that section's equivalents and gaps
timetable,month,"delete match arm ""jun""",killed,killed; the ledger's timetable section (census-2026-10-03-triage-part-2-part-2.md) says the sweep afterwards reports only that section's equivalents and gaps
timetable,month,"delete match arm ""may""",killed,killed; the ledger's timetable section (census-2026-10-03-triage-part-2-part-2.md) says the sweep afterwards reports only that section's equivalents and gaps
timetable,month,"delete match arm ""nov""",killed,killed; the ledger's timetable section (census-2026-10-03-triage-part-2-part-2.md) says the sweep afterwards reports only that section's equivalents and gaps
timetable,month,"delete match arm ""sep""",killed,killed; the ledger's timetable section (census-2026-10-03-triage-part-2-part-2.md) says the sweep afterwards reports only that section's equivalents and gaps
timetable,month_day,"delete match arm ""1st""",killed,killed; the ledger's timetable section (census-2026-10-03-triage-part-2-part-2.md) says the sweep afterwards reports only that section's equivalents and gaps
timetable,month_day,"delete match arm ""3rd""",killed,killed; the ledger's timetable section (census-2026-10-03-triage-part-2-part-2.md) says the sweep afterwards reports only that section's equivalents and gaps
timetable,month_day,"delete match arm ""4th""",killed,killed; the ledger's timetable section (census-2026-10-03-triage-part-2-part-2.md) says the sweep afterwards reports only that section's equivalents and gaps
timetable,month_day_matches,replace < with <=,killed,killed; the ledger's timetable section (census-2026-10-03-triage-part-2-part-2.md) says the sweep afterwards reports only that section's equivalents and gaps
timetable,month_day_matches,replace > with >=,equivalent,"Nth(0, ..) is not a value the grammar produces"
timetable,next,replace + with *,equivalent,only makes the horizon search longer; a rule matching nothing is answered None either way
timetable,next,replace > with ==,killed,killed; the ledger's timetable section (census-2026-10-03-triage-part-2-part-2.md) says the sweep afterwards reports only that section's equivalents and gaps
timetable,next,replace > with >=,killed,killed; the ledger's timetable section (census-2026-10-03-triage-part-2-part-2.md) says the sweep afterwards reports only that section's equivalents and gaps
timetable,next_time,replace < with ==,equivalent,"the loop skips an hour whose floor is 59 or more anyway; starting at hour 0 changes the work, not the answer"
timetable,next_time,replace < with >,equivalent,"the loop skips an hour whose floor is 59 or more anyway; starting at hour 0 changes the work, not the answer"
timetable,operation,replace operation -> u64 with 1,killed,killed; the ledger's timetable section (census-2026-10-03-triage-part-2-part-2.md) says the sweep afterwards reports only that section's equivalents and gaps
timetable,parse,replace < with <=,killed,killed; the ledger's timetable section (census-2026-10-03-triage-part-2-part-2.md) says the sweep afterwards reports only that section's equivalents and gaps
timetable,range,replace && with ||,killed,killed; the ledger's timetable section (census-2026-10-03-triage-part-2-part-2.md) says the sweep afterwards reports only that section's equivalents and gaps
timetable,range,replace * with +,killed,killed; the ledger's timetable section (census-2026-10-03-triage-part-2-part-2.md) says the sweep afterwards reports only that section's equivalents and gaps
timetable,range,replace * with /,killed,killed; the ledger's timetable section (census-2026-10-03-triage-part-2-part-2.md) says the sweep afterwards reports only that section's equivalents and gaps
timetable,range,replace + with *,killed,killed; the ledger's timetable section (census-2026-10-03-triage-part-2-part-2.md) says the sweep afterwards reports only that section's equivalents and gaps
timetable,range,replace - with +,killed,killed; the ledger's timetable section (census-2026-10-03-triage-part-2-part-2.md) says the sweep afterwards reports only that section's equivalents and gaps
timetable,range,replace < with ==,killed,killed; the ledger's timetable section (census-2026-10-03-triage-part-2-part-2.md) says the sweep afterwards reports only that section's equivalents and gaps
timetable,range,replace < with >,killed,killed; the ledger's timetable section (census-2026-10-03-triage-part-2-part-2.md) says the sweep afterwards reports only that section's equivalents and gaps
timetable,range,replace > with >=,killed,killed; the ledger's timetable section (census-2026-10-03-triage-part-2-part-2.md) says the sweep afterwards reports only that section's equivalents and gaps
timetable,range,replace >= with <,killed,killed; the ledger's timetable section (census-2026-10-03-triage-part-2-part-2.md) says the sweep afterwards reports only that section's equivalents and gaps
timetable,range,replace || with &&,killed,killed; the ledger's timetable section (census-2026-10-03-triage-part-2-part-2.md) says the sweep afterwards reports only that section's equivalents and gaps
timetable,request,replace | with ^,equivalent,the pairs of operands have disjoint bits
timetable,stage,replace < with >,killed,killed; the ledger's timetable section (census-2026-10-03-triage-part-2-part-2.md) says the sweep afterwards reports only that section's equivalents and gaps
timetable,times,replace > with >=,killed,killed; the ledger's timetable section (census-2026-10-03-triage-part-2-part-2.md) says the sweep afterwards reports only that section's equivalents and gaps
timetable,unbacked,replace || with &&,equivalent,"plan passes no operators, so Diagnostics::File cannot arrive today"
timetable,unbacked_code,replace unbacked_code -> u8 with 0,killed,killed; the ledger's timetable section (census-2026-10-03-triage-part-2-part-2.md) says the sweep afterwards reports only that section's equivalents and gaps
timetable,unbacked_code,replace unbacked_code -> u8 with 1,killed,killed; the ledger's timetable section (census-2026-10-03-triage-part-2-part-2.md) says the sweep afterwards reports only that section's equivalents and gaps
timetable,verdict,replace | with ^,equivalent,the pairs of operands have disjoint bits
timetable,verdicts,replace << with >>,killed,killed; the ledger's timetable section (census-2026-10-03-triage-part-2-part-2.md) says the sweep afterwards reports only that section's equivalents and gaps
timetable,write_rrule,"delete match arm (_, MonthDay::FirstWeekday)",killed,killed; the ledger's timetable section (census-2026-10-03-triage-part-2-part-2.md) says the sweep afterwards reports only that section's equivalents and gaps
timetable,write_rrule,replace < with <=,equivalent,"Nth(0, ..) is not a value the grammar produces"
uefi_loader,,replace + with *,gap,CMDLINE_LEN is a bound with deliberate slack; a mutant within the slack changes nothing a caller sees
uefi_loader,,replace + with -,gap,CMDLINE_LEN is a bound with deliberate slack; a mutant within the slack changes nothing a caller sees
uefi_loader,,"replace <impl WriteNode for Out<'_>>::prop_empty -> Result<(), Error> with Ok(())",killed,killed; the ledger's uefi_loader section (census-2026-10-03-triage.md) says the sweep afterwards reports only that section's equivalents and gaps
uefi_loader,build,replace - with +,killed,killed; the ledger's uefi_loader section (census-2026-10-03-triage.md) says the sweep afterwards reports only that section's equivalents and gaps
uefi_loader,cells64,replace >> with <<,killed,killed; the ledger's uefi_loader section (census-2026-10-03-triage.md) says the sweep afterwards reports only that section's equivalents and gaps
uefi_loader,find_string,replace < with <=,equivalent,"an empty tail finds no NUL, and falling out of the loop returns the same"
uefi_loader,string_offset,replace < with <=,killed,killed; the ledger's uefi_loader section (census-2026-10-03-triage.md) says the sweep afterwards reports only that section's equivalents and gaps
uefi_loader,unit_name,replace < with <=,killed,killed; the ledger's uefi_loader section (census-2026-10-03-triage.md) says the sweep afterwards reports only that section's equivalents and gaps
uefi_loader,with_initrd,replace > with >=,equivalent,"an empty tail finds no NUL, and falling out of the loop returns the same"
uptime,Writer::push_bytes,replace < with <=,killed,killed; the ledger's loaded_image_check and uptime section (census-2026-10-03-triage.md) says the sweep afterwards reports only that section's equivalents and gaps
walk_pricing,Price::per_entry,replace - with +,killed,killed; the ledger's walk_pricing section (census-2026-10-03-triage-part-3.md) says the sweep afterwards reports only that section's equivalents and gaps
walk_pricing,Price::per_entry,replace - with /,killed,killed; the ledger's walk_pricing section (census-2026-10-03-triage-part-3.md) says the sweep afterwards reports only that section's equivalents and gaps
walk_pricing,Price::per_entry,replace / with %,killed,killed; the ledger's walk_pricing section (census-2026-10-03-triage-part-3.md) says the sweep afterwards reports only that section's equivalents and gaps
walk_pricing,Price::per_entry,replace / with *,killed,killed; the ledger's walk_pricing section (census-2026-10-03-triage-part-3.md) says the sweep afterwards reports only that section's equivalents and gaps
walk_pricing,Price::per_entry,replace Price::per_entry -> f64 with -1.0,killed,killed; the ledger's walk_pricing section (census-2026-10-03-triage-part-3.md) says the sweep afterwards reports only that section's equivalents and gaps
walk_pricing,Price::per_entry,replace Price::per_entry -> f64 with 0.0,killed,killed; the ledger's walk_pricing section (census-2026-10-03-triage-part-3.md) says the sweep afterwards reports only that section's equivalents and gaps
walk_pricing,Price::per_entry,replace Price::per_entry -> f64 with 1.0,killed,killed; the ledger's walk_pricing section (census-2026-10-03-triage-part-3.md) says the sweep afterwards reports only that section's equivalents and gaps
walk_pricing,Price::per_kib,replace - with +,killed,killed; the ledger's walk_pricing section (census-2026-10-03-triage-part-3.md) says the sweep afterwards reports only that section's equivalents and gaps
walk_pricing,Price::per_kib,replace - with /,killed,killed; the ledger's walk_pricing section (census-2026-10-03-triage-part-3.md) says the sweep afterwards reports only that section's equivalents and gaps
walk_pricing,Price::per_kib,replace / with %,killed,killed; the ledger's walk_pricing section (census-2026-10-03-triage-part-3.md) says the sweep afterwards reports only that section's equivalents and gaps
walk_pricing,Price::per_kib,replace / with *,killed,killed; the ledger's walk_pricing section (census-2026-10-03-triage-part-3.md) says the sweep afterwards reports only that section's equivalents and gaps
walk_pricing,Price::per_kib,replace Price::per_kib -> f64 with -1.0,killed,killed; the ledger's walk_pricing section (census-2026-10-03-triage-part-3.md) says the sweep afterwards reports only that section's equivalents and gaps
walk_pricing,Price::per_kib,replace Price::per_kib -> f64 with 0.0,killed,killed; the ledger's walk_pricing section (census-2026-10-03-triage-part-3.md) says the sweep afterwards reports only that section's equivalents and gaps
walk_pricing,Price::per_kib,replace Price::per_kib -> f64 with 1.0,killed,killed; the ledger's walk_pricing section (census-2026-10-03-triage-part-3.md) says the sweep afterwards reports only that section's equivalents and gaps
walk_pricing,Split::total,replace + with -,killed,killed; the ledger's walk_pricing section (census-2026-10-03-triage-part-3.md) says the sweep afterwards reports only that section's equivalents and gaps
walk_pricing,Split::total,replace Split::total -> u64 with 0,killed,killed; the ledger's walk_pricing section (census-2026-10-03-triage-part-3.md) says the sweep afterwards reports only that section's equivalents and gaps
walk_pricing,Split::total,replace Split::total -> u64 with 1,killed,killed; the ledger's walk_pricing section (census-2026-10-03-triage-part-3.md) says the sweep afterwards reports only that section's equivalents and gaps
walk_pricing,median_ns,replace / with %,equivalent,REPS / 2 and REPS % 2 are both 1 for REPS = 3
walk_pricing,median_ns,replace median_ns -> io::Result<u64> with Ok(1),killed,killed; the ledger's walk_pricing section (census-2026-10-03-triage-part-3.md) says the sweep afterwards reports only that section's equivalents and gaps
walk_pricing,price,replace / with %,gap,WHOLE_REPS / 2 picks the median of five timings; a test can assert it only on a clock it controls
walk_pricing,price,replace > with <,killed,killed; the ledger's walk_pricing section (census-2026-10-03-triage-part-3.md) says the sweep afterwards reports only that section's equivalents and gaps
walk_pricing,price,replace > with ==,killed,killed; the ledger's walk_pricing section (census-2026-10-03-triage-part-3.md) says the sweep afterwards reports only that section's equivalents and gaps
walk_pricing,slope,replace - with +,equivalent,least-squares slope algebra: the mean of y drops out and (x +- mx) sums to the same variance
walk_pricing,slope,replace / with %,equivalent,least-squares slope algebra: the mean of y drops out and (x +- mx) sums to the same variance
walk_pricing,slope,replace / with *,equivalent,least-squares slope algebra: the mean of y drops out and (x +- mx) sums to the same variance
walk_pricing,totals_line,"replace totals_line -> String with ""xyzzy"".into()",killed,killed; the ledger's walk_pricing section (census-2026-10-03-triage-part-3.md) says the sweep afterwards reports only that section's equivalents and gaps
walk_pricing,totals_line,replace totals_line -> String with String::new(),killed,killed; the ledger's walk_pricing section (census-2026-10-03-triage-part-3.md) says the sweep afterwards reports only that section's equivalents and gaps
walk_pricing,walk_split,replace += with *=,killed,killed; the ledger's walk_pricing section (census-2026-10-03-triage-part-3.md) says the sweep afterwards reports only that section's equivalents and gaps
elf,NoteSegments<'a>::from_head,replace < with <=,killed,"killed; crates/elf/src/note.rs tests each_identity_byte_is_checked_on_its_own, a_head_is_readable_from_exactly_one_header_long, a_program_header_entry_smaller_than_a_header_is_refused and at_most_sixty_four_program_headers_are_read, re-run with cargo mutants on the file"
elf,NoteSegments<'a>::from_head,replace < with ==,killed,"killed; crates/elf/src/note.rs tests each_identity_byte_is_checked_on_its_own, a_head_is_readable_from_exactly_one_header_long, a_program_header_entry_smaller_than_a_header_is_refused and at_most_sixty_four_program_headers_are_read, re-run with cargo mutants on the file"
elf,NoteSegments<'a>::from_head,replace < with >,killed,"killed; crates/elf/src/note.rs tests each_identity_byte_is_checked_on_its_own, a_head_is_readable_from_exactly_one_header_long, a_program_header_entry_smaller_than_a_header_is_refused and at_most_sixty_four_program_headers_are_read, re-run with cargo mutants on the file"
elf,NoteSegments<'a>::from_head,replace > with ==,killed,"killed; crates/elf/src/note.rs tests each_identity_byte_is_checked_on_its_own, a_head_is_readable_from_exactly_one_header_long, a_program_header_entry_smaller_than_a_header_is_refused and at_most_sixty_four_program_headers_are_read, re-run with cargo mutants on the file"
elf,NoteSegments<'a>::from_head,replace > with >=,killed,"killed; crates/elf/src/note.rs tests each_identity_byte_is_checked_on_its_own, a_head_is_readable_from_exactly_one_header_long, a_program_header_entry_smaller_than_a_header_is_refused and at_most_sixty_four_program_headers_are_read, re-run with cargo mutants on the file"
elf,NoteSegments<'a>::from_head,replace || with &&,killed,"killed; crates/elf/src/note.rs tests each_identity_byte_is_checked_on_its_own, a_head_is_readable_from_exactly_one_header_long, a_program_header_entry_smaller_than_a_header_is_refused and at_most_sixty_four_program_headers_are_read, re-run with cargo mutants on the file"
elf,find_in_segment,replace < with <=,killed,"killed; a_bare_note_header_filling_the_segment_is_not_truncated puts a 12-byte note exactly at the segment end, re-run with cargo mutants on the file"
elf,note_extent,replace > with ==,killed,"killed; a_bare_note_header_filling_the_segment_is_not_truncated puts a 12-byte note exactly at the segment end, re-run with cargo mutants on the file"
elf,note_extent,replace > with >=,killed,"killed; a_bare_note_header_filling_the_segment_is_not_truncated puts a 12-byte note exactly at the segment end, re-run with cargo mutants on the file"
abi,usage::is_known,replace <= with >,killed,"killed; usage_records_known_are_exactly_the_seven in crates/abi/src/lib.rs, re-run with cargo mutants"
abi,usage::is_known,replace usage::is_known -> bool with false,killed,"killed; usage_records_known_are_exactly_the_seven in crates/abi/src/lib.rs, re-run with cargo mutants"
abi,usage::is_known,replace usage::is_known -> bool with true,killed,"killed; usage_records_known_are_exactly_the_seven in crates/abi/src/lib.rs, re-run with cargo mutants"
abi,,replace - with /,killed,"made unviable instead; a const assert beside FAULT_EP_SLOT that it is the last slot, so a wrong operator no longer compiles (rung 1)"
memory_regions,RegionTable<N>::is_empty,replace RegionTable<N>::is_empty -> bool with false,killed,"killed; len_and_is_empty_follow_the_live_regions in crates/memory_regions/src/table.rs, re-run with cargo mutants"
memory_regions,RegionTable<N>::is_empty,replace RegionTable<N>::is_empty -> bool with true,killed,"killed; len_and_is_empty_follow_the_live_regions in crates/memory_regions/src/table.rs, re-run with cargo mutants"
memory_regions,RegionTable<N>::len,replace RegionTable<N>::len -> usize with 0,killed,"killed; len_and_is_empty_follow_the_live_regions in crates/memory_regions/src/table.rs, re-run with cargo mutants"
memory_regions,RegionTable<N>::len,replace RegionTable<N>::len -> usize with 1,killed,"killed; len_and_is_empty_follow_the_live_regions in crates/memory_regions/src/table.rs, re-run with cargo mutants"
free,write_right,replace - with /,killed,"killed; a_number_wider_than_its_column_is_printed_whole and a_refusal_code_of_zero_prints_without_a_sign in crates/free/src/lib.rs, re-run with cargo mutants"
free,write_signed,replace < with <=,killed,"killed; a_number_wider_than_its_column_is_printed_whole and a_refusal_code_of_zero_prints_without_a_sign in crates/free/src/lib.rs, re-run with cargo mutants"
vmstat,write_right,replace - with /,killed,"killed; a_number_wider_than_its_column_is_printed_whole in crates/vmstat/src/lib.rs, re-run with cargo mutants"
slabtop,write_report,replace - with +,killed,"killed; every_arrangement_of_four_counts_is_ranked_largest_first, equal_counts_keep_their_listed_order and a_number_wider_than_its_column_is_printed_whole in crates/slabtop/src/lib.rs, re-run with cargo mutants"
slabtop,write_report,replace - with /,killed,"killed; every_arrangement_of_four_counts_is_ranked_largest_first, equal_counts_keep_their_listed_order and a_number_wider_than_its_column_is_printed_whole in crates/slabtop/src/lib.rs, re-run with cargo mutants"
slabtop,write_report,replace -= with +=,killed,"killed; every_arrangement_of_four_counts_is_ranked_largest_first, equal_counts_keep_their_listed_order and a_number_wider_than_its_column_is_printed_whole in crates/slabtop/src/lib.rs, re-run with cargo mutants"
slabtop,write_report,replace -= with /=,killed,"killed; every_arrangement_of_four_counts_is_ranked_largest_first, equal_counts_keep_their_listed_order and a_number_wider_than_its_column_is_printed_whole in crates/slabtop/src/lib.rs, re-run with cargo mutants"
slabtop,write_report,replace > with <,killed,"killed; every_arrangement_of_four_counts_is_ranked_largest_first, equal_counts_keep_their_listed_order and a_number_wider_than_its_column_is_printed_whole in crates/slabtop/src/lib.rs, re-run with cargo mutants"
slabtop,write_report,replace > with ==,killed,"killed; every_arrangement_of_four_counts_is_ranked_largest_first, equal_counts_keep_their_listed_order and a_number_wider_than_its_column_is_printed_whole in crates/slabtop/src/lib.rs, re-run with cargo mutants"
slabtop,write_report,replace > with >=,killed,"killed; every_arrangement_of_four_counts_is_ranked_largest_first, equal_counts_keep_their_listed_order and a_number_wider_than_its_column_is_printed_whole in crates/slabtop/src/lib.rs, re-run with cargo mutants"
activation_set,classify,replace || with &&,killed,"killed; a_row_with_one_bad_name_is_malformed in crates/activation_set/src/lib.rs, re-run with cargo mutants"
activation_set,default_of,replace += with *=,killed,"killed; removing_a_version_from_a_table_with_two_pointers_is_malformed, re-run with cargo mutants"
activation_set,parse_current,replace || with &&,killed,"killed; a_current_line_with_a_plus_sign_is_not_a_generation, re-run with cargo mutants"
activation_set,without_version,replace && with ||,killed,"killed; other_rows_are_not_survivors_of_a_qualified_removal, a_removal_moves_only_its_own_programs_pointer_and_only_when_it_held_it and a_qualified_removal_takes_one_row_even_when_a_digest_repeats, re-run with cargo mutants"
activation_set,without_version,replace || with &&,killed,"killed; other_rows_are_not_survivors_of_a_qualified_removal, a_removal_moves_only_its_own_programs_pointer_and_only_when_it_held_it and a_qualified_removal_takes_one_row_even_when_a_digest_repeats, re-run with cargo mutants"
boot_slot,,replace | with ^,equivalent,"the operands of | are fields in disjoint bit ranges (bits 48-51, 52-55, 56, and the previous word with those bits cleared), so | and ^ agree on every input; re-run with cargo mutants still reports it"
boot_slot,State::into_attributes,replace | with ^,equivalent,"the operands of | are fields in disjoint bit ranges (bits 48-51, 52-55, 56, and the previous word with those bits cleared), so | and ^ agree on every input; re-run with cargo mutants still reports it"
boot_slot,State::on_trial,replace > with >=,equivalent,"a clamp at the boundary: at priority or tries of exactly 15, > and >= both yield 15, so no input tells them apart; re-run with cargo mutants still reports it"
boot_slot,State::attempted,replace || with &&,killed,"killed; a_try_is_spent_only_by_an_unconfirmed_slot_that_has_one in crates/boot_slot/tests/a_bad_upgrade_rolls_back.rs, re-run with cargo mutants"
boot_slot,SlotHeader::decode,replace < with <=,killed,"killed; a_slot_header_needs_exactly_its_own_length in crates/boot_slot/tests/a_bad_upgrade_rolls_back.rs, re-run with cargo mutants"
boot_slot,SlotHeader::decode,replace < with ==,killed,"killed; a_slot_header_needs_exactly_its_own_length in crates/boot_slot/tests/a_bad_upgrade_rolls_back.rs, re-run with cargo mutants"
boot_slot,SlotHeader::decode,replace || with &&,killed,"killed; a_slot_header_needs_exactly_its_own_length in crates/boot_slot/tests/a_bad_upgrade_rolls_back.rs, re-run with cargo mutants"
boot_slot,SlotHeader::encode,replace < with <=,killed,"killed; a_slot_header_needs_exactly_its_own_length in crates/boot_slot/tests/a_bad_upgrade_rolls_back.rs, re-run with cargo mutants"
capability,"storage::CapabilityTable<O, N>::fill",replace > with >=,equivalent,"after used == peak, fill's > to >= calls note_peak with a pair the global fetch_max already holds, so the recorded high-water mark is unchanged; re-run with cargo mutants still reports it"
capability,"storage::CapabilityTable<O, N>::occupied_mask",replace & with |,killed,"killed; the_occupied_mask_is_exactly_the_occupied_slots in crates/capability/src/lib.rs, re-run with cargo mutants"
device_tree_blob,,replace * with +,killed,"killed; a_tree_of_one_and_a_half_mebibytes_is_not_too_large in crates/device_tree_blob/tests/hostile.rs, re-run with cargo mutants"
address_space_map,check_image,replace && with ||,killed,"killed; an_image_linked_for_the_old_layout_is_outside_the_band now asserts the exact refusal for an inverted range and for a start below the band, re-run with cargo mutants"
address_space_map,check_image,replace > with >=,equivalent,"end == IMAGE.end with the start inside the band means holds() already accepted, so the branch is unreachable at that boundary and > and >= agree; re-run with cargo mutants still reports it"
timetable,next_time,replace < with <=,equivalent,"next_time's starting hour (after / 60, or 0) is only a skip-ahead: every earlier hour has floor >= 59 and so no usable minute, and for after = -1 or 0 both spellings give 0; the line-275 h <= 24 spelling is killed by a_mask_bit_past_the_day_names_no_time. Re-run with cargo mutants still reports the line-274 ones"
timetable,range,replace < with <=,killed,"killed; a_range_never_sets_an_hour_past_the_day in crates/timetable/src/recurrence.rs (step 60 and h <= 24 both set bit 24+), re-run with cargo mutants"
byte_sink_protocol,kind,replace >> with <<,killed,"killed; the_kind_is_read_from_its_own_byte in crates/byte_sink_protocol/src/lib.rs, re-run with cargo mutants"
byte_sink_protocol,kind,replace kind -> u8 with 0,killed,"killed; the_kind_is_read_from_its_own_byte in crates/byte_sink_protocol/src/lib.rs, re-run with cargo mutants"
byte_sink_protocol,with_severity,replace << with >>,killed,"killed; a_severity_set_twice_is_the_second_and_the_neighbours_are_untouched (the old mask survived the shifted-the-wrong-way mutant), re-run with cargo mutants"
byte_sink_protocol,with_severity,replace > with >=,equivalent,a clamp at the boundary: a level of exactly 7 is 7 whether the test is > 7 or >= 7; re-run with cargo mutants still reports it
byte_sink_protocol,with_severity,replace | with ^,equivalent,"the operands of | are the word with the severity byte cleared and the new level shifted into that byte, disjoint bits, so | and ^ agree on every input; re-run with cargo mutants still reports it"
http_response,,replace <impl core::fmt::Debug for Response>::fmt -> core::fmt::Result with Ok(Default::default()),killed,"killed; debug_names_the_status_and_leaves_the_head_out in crates/http_response/src/lib.rs, re-run with cargo mutants"
http_response,Response::content_length,replace Response::content_length -> Option<u64> with None,killed,"killed; the_content_length_appears_with_the_head_and_not_before in crates/http_response/src/lib.rs, re-run with cargo mutants"
http_response,Response::content_length,replace Response::content_length -> Option<u64> with Some(0),killed,"killed; the_content_length_appears_with_the_head_and_not_before in crates/http_response/src/lib.rs, re-run with cargo mutants"
http_response,Response::content_length,replace Response::content_length -> Option<u64> with Some(1),killed,"killed; the_content_length_appears_with_the_head_and_not_before in crates/http_response/src/lib.rs, re-run with cargo mutants"
http_response,strip_crlf,replace && with ||,killed,"killed; a_bare_carriage_return_inside_a_line_is_refused in crates/http_response/src/lib.rs, re-run with cargo mutants"
jh7110_clock_and_reset,pmic_bus,replace && with ||,killed,"killed; a_bus_with_more_gates_than_the_plan_holds_keeps_the_first_and_says_so over the new fixture tests/fixtures/jh7110-pmic-bus-overfull.dtb (six gates, no resets), re-run with cargo mutants"
jh7110_clock_and_reset,pmic_bus,replace < with <=,killed,"killed; a_bus_with_more_gates_than_the_plan_holds_keeps_the_first_and_says_so over the new fixture tests/fixtures/jh7110-pmic-bus-overfull.dtb (six gates, no resets), re-run with cargo mutants"
jh7110_clock_and_reset,pmic_bus,replace match guard bus.len < MAX_PMIC_BUS_STEPS with true,killed,"killed; a_bus_with_more_gates_than_the_plan_holds_keeps_the_first_and_says_so over the new fixture tests/fixtures/jh7110-pmic-bus-overfull.dtb (six gates, no resets), re-run with cargo mutants"
non_volatile_memory_express,lba_format_shift,replace * with /,killed,"killed; the_reported_shift_is_the_one_in_the_flbas_slot_for_every_format in crates/non_volatile_memory_express/src/lib.rs, re-run with cargo mutants"
non_volatile_memory_express,lba_format_shift,replace < with <=,killed,"killed; the_reported_shift_is_the_one_in_the_flbas_slot_for_every_format in crates/non_volatile_memory_express/src/lib.rs, re-run with cargo mutants"
uefi_loader,output_len,replace * with +,killed,"killed; the_bound_holds_the_largest_tree_and_not_a_great_deal_more in uefi_loader/src/device_tree_from_acpi.rs (already on main when this lane re-ran the file), re-run with cargo mutants"
uefi_loader,output_len,replace * with /,killed,"killed; the_bound_holds_the_largest_tree_and_not_a_great_deal_more in uefi_loader/src/device_tree_from_acpi.rs (already on main when this lane re-ran the file), re-run with cargo mutants"
uefi_loader,output_len,replace output_len -> usize with 0,killed,"killed; the_bound_holds_the_largest_tree_and_not_a_great_deal_more in uefi_loader/src/device_tree_from_acpi.rs (already on main when this lane re-ran the file), re-run with cargo mutants"
uefi_loader,output_len,replace output_len -> usize with 1,killed,"killed; the_bound_holds_the_largest_tree_and_not_a_great_deal_more in uefi_loader/src/device_tree_from_acpi.rs (already on main when this lane re-ran the file), re-run with cargo mutants"
screen_console,Aperture::copy_wide,replace && with ||,killed,"killed; every_qword_store_is_eight_aligned_in_the_apertures_own_address_space in crates/screen_console/src/lib.rs, re-run with cargo mutants"
screen_console,Aperture::copy_wide,replace + with *,killed,"killed; every_qword_store_is_eight_aligned_in_the_apertures_own_address_space in crates/screen_console/src/lib.rs, re-run with cargo mutants"
screen_console,Aperture::copy_wide,replace > with >=,killed,"killed by the same alignment test or by the existing byte-for-byte copy test, re-run with cargo mutants"
screen_console,Aperture::copy_wide,replace || with &&,killed,"killed by the same alignment test or by the existing byte-for-byte copy test, re-run with cargo mutants"
screen_console,Aperture::copy_wide,replace | with ^,equivalent,"lo | hi << 32 joins a u32 widened to the low half with one shifted into the high half, disjoint bits, so | and ^ agree on every input; re-run with cargo mutants still reports it"
subtree_scope,Bindings<B>::index,replace < with <=,killed,"killed; the_first_badge_past_the_table_is_refused_not_indexed in crates/subtree_scope/src/lib.rs, re-run with cargo mutants"
subtree_scope,Refusal::errno,replace Refusal::errno -> i32 with -1,killed,"killed; each_refusal_answers_with_its_posix_errno in crates/subtree_scope/src/lib.rs, re-run with cargo mutants"
subtree_scope,Refusal::errno,replace Refusal::errno -> i32 with 0,killed,"killed; each_refusal_answers_with_its_posix_errno in crates/subtree_scope/src/lib.rs, re-run with cargo mutants"
subtree_scope,Refusal::errno,replace Refusal::errno -> i32 with 1,killed,"killed; each_refusal_answers_with_its_posix_errno in crates/subtree_scope/src/lib.rs, re-run with cargo mutants"
subtree_scope,walk,replace | with ^,killed,"killed; a_hop_that_names_descend_itself_still_carries_it in crates/subtree_scope/src/lib.rs, re-run with cargo mutants"
subtree_scope,Bindings<B>::unbind,replace match guard i != 0 with true,equivalent,"state[0] is never Bound: bind refuses index 0 and nothing else writes Bound, so the guard i != 0 only ever sees Open there and the arm cannot fire; re-run with cargo mutants still reports it"
documentation,Renderer::take_table_row,replace - with +,equivalent,"line 525: j - 1 == i only decides whether to look at the byte before the pipe, and that byte is the previous cell's pipe (never a backslash), so the answer is the same either way; re-run with cargo mutants on crates/documentation/src/render.rs at base 269c1d48c still reports it"
documentation,Renderer::take_table_row,replace - with /,equivalent,"line 525: j - 1 == i only decides whether to look at the byte before the pipe, and that byte is the previous cell's pipe (never a backslash), so the answer is the same either way; re-run with cargo mutants on crates/documentation/src/render.rs at base 269c1d48c still reports it"
documentation,Renderer::take_table_row,replace -= with +=,killed,"no survivor with this key at base 269c1d48c, so the suite kills it today (no test added by this lane); re-run with cargo mutants on crates/documentation/src/render.rs at base 269c1d48c"
documentation,Renderer::take_table_row,replace -= with /=,gap,"TIMEOUT, not a wrong answer: j /= 1 never shrinks j, so the trailing-blank trim loop at line 523 spins; the suite notices by hanging. Rewriting the trim as a slice operation would remove the loop (a change to the renderer, not a test); re-run with cargo mutants on crates/documentation/src/render.rs at base 269c1d48c"
documentation,Renderer::take_table_row,replace < with <=,equivalent,"lines 510 and 542: col never reaches TABLE_COLS (the last slot swallows the rest of the row and breaks) and start + n never reaches TABLE_TEXT before the cell ends (a row is at most LINE_MAX = 2048 bytes and the spill check at line 501 flushes first), so < and <= agree; re-run with cargo mutants on crates/documentation/src/render.rs at base 269c1d48c still reports both"
documentation,Renderer::take_table_row,replace == with !=,killed,"no survivor with this key at base 269c1d48c, so the suite kills it today (no test added by this lane); re-run with cargo mutants on crates/documentation/src/render.rs at base 269c1d48c"
documentation,Renderer::take_table_row,replace > with <,killed,"no survivor with this key at base 269c1d48c, so the suite kills it today (no test added by this lane); re-run with cargo mutants on crates/documentation/src/render.rs at base 269c1d48c"
documentation,Renderer::take_table_row,replace > with ==,killed,"no survivor with this key at base 269c1d48c, so the suite kills it today (no test added by this lane); re-run with cargo mutants on crates/documentation/src/render.rs at base 269c1d48c"
documentation,Renderer::take_table_row,replace > with >=,equivalent,"line 522: j > i against j >= i differs only at j == i, where the byte read is line[i - 1], the previous cell's pipe and never a blank, so the trim loop stops either way; re-run with cargo mutants on crates/documentation/src/render.rs at base 269c1d48c still reports it"
documentation,Renderer::take_table_row,replace || with &&,killed,"no survivor with this key at base 269c1d48c, so the suite kills it today (no test added by this lane); re-run with cargo mutants on crates/documentation/src/render.rs at base 269c1d48c"
inter_process_communication,Notification<T>::invariant_holds,replace == with !=,killed,"killed; the_invariant_fails_only_for_a_word_with_a_waiter in crates/inter_process_communication/src/notification.rs, re-run with cargo mutants"
inter_process_communication,Notification<T>::invariant_holds,replace Notification<T>::invariant_holds -> bool with true,killed,"killed; the_invariant_fails_only_for_a_word_with_a_waiter in crates/inter_process_communication/src/notification.rs, re-run with cargo mutants"
inter_process_communication,Notification<T>::invariant_holds,replace || with &&,killed,"killed; the_invariant_fails_only_for_a_word_with_a_waiter in crates/inter_process_communication/src/notification.rs, re-run with cargo mutants"
inter_process_communication,Notification<T>::signal,replace | with ^,killed,"killed; counted_bits_accumulate_as_a_union_and_are_readable in crates/inter_process_communication/src/notification.rs, re-run with cargo mutants"
inter_process_communication,Notification<T>::word,replace Notification<T>::word -> u64 with 0,killed,"killed; counted_bits_accumulate_as_a_union_and_are_readable, re-run with cargo mutants"
inter_process_communication,Rendezvous<T>::is_bound_to_interrupt,replace Rendezvous<T>::is_bound_to_interrupt -> bool with false,killed,"killed; binding_to_an_interrupt_is_visible_and_one_way in crates/inter_process_communication/src/lib.rs, re-run with cargo mutants"
inter_process_communication,Rendezvous<T>::is_bound_to_interrupt,replace Rendezvous<T>::is_bound_to_interrupt -> bool with true,killed,"killed; binding_to_an_interrupt_is_visible_and_one_way in crates/inter_process_communication/src/lib.rs, re-run with cargo mutants"
inter_process_communication,Timer<T>::is_armed,replace Timer<T>::is_armed -> bool with false,killed,"killed; is_armed_follows_the_slot in crates/inter_process_communication/src/timer.rs, re-run with cargo mutants"
memory_regions,RegionTable<N>::return_to_parent,replace + with *,killed,"found on re-run at base 269c1d48c (not among the 310); killed by the_watermark_falls_to_the_highest_live_child_after_a_hole in crates/memory_regions/src/table.rs, re-run with cargo mutants"
memory_regions,RegionTable<N>::return_to_parent,replace - with +,killed,"found on re-run at base 269c1d48c (not among the 310); killed by the_watermark_falls_to_the_highest_live_child_after_a_hole in crates/memory_regions/src/table.rs, re-run with cargo mutants"
uefi_loader,output_len,replace + with -,equivalent,"found on re-run at base 269c1d48c (not among the 310). The bound is deliberately generous and its contract is len <= output_len() < len + 2048 (the_bound_holds_the_largest_tree_and_not_a_great_deal_more); a few dozen bytes either way of the summed slack stays inside it, so no test of that contract can tell them apart. Re-run with cargo mutants still reports it"
uefi_loader,output_len,replace + with *,equivalent,"found on re-run at base 269c1d48c (not among the 310). The bound is deliberately generous and its contract is len <= output_len() < len + 2048 (the_bound_holds_the_largest_tree_and_not_a_great_deal_more); a few dozen bytes either way of the summed slack stays inside it, so no test of that contract can tell them apart. Re-run with cargo mutants still reports it"
video_terminal,Colour::resolve,replace | with ^,equivalent,"the three channels are shifted to disjoint bytes (resolve) before the |, so | and ^ agree on every input; re-run with cargo mutants on crates/video_terminal/src/lib.rs and script.rs at base ab0513065 still reports it"
video_terminal,midpoint,replace | with ^,equivalent,"channel_midpoint returns each channel already shifted into its own byte, disjoint, so | and ^ agree; re-run with cargo mutants on crates/video_terminal/src/lib.rs and script.rs at base ab0513065 still reports it"
video_terminal,sorted_channels,replace > with >=,equivalent,"a three-element sorting network: swapping two equal channels changes nothing, so > and >= agree; re-run with cargo mutants on crates/video_terminal/src/lib.rs and script.rs at base ab0513065 still reports it"
video_terminal,Vt::extended_colour,replace < with <=,equivalent,"extended_colour's params.get(i).filter(|_| i < n): at i == n the slot is zero (CSI clears the array, and n == MAX_PARAMS makes get return None), and a zero selector is the same None as the filter; re-run with cargo mutants on crates/video_terminal/src/lib.rs and script.rs at base ab0513065 still reports it"
video_terminal,Vt::scroll_damage,replace - with +,equivalent,"the lifted row is damaged three ways: the updated drawn position that take_damage's drawn-versus-now net re-damages, the cursor move's own endpoint damage, and this damage_cell; any one gives the report, so the damage_cell arithmetic cannot change a report; re-run with cargo mutants on crates/video_terminal/src/lib.rs and script.rs at base ab0513065 still reports it"
video_terminal,Vt::scroll_damage,replace - with /,equivalent,"the lifted row is damaged three ways: the updated drawn position that take_damage's drawn-versus-now net re-damages, the cursor move's own endpoint damage, and this damage_cell; any one gives the report, so the damage_cell arithmetic cannot change a report; re-run with cargo mutants on crates/video_terminal/src/lib.rs and script.rs at base ab0513065 still reports it"
video_terminal,Vt::scroll_damage,replace > with <,equivalent,"the lifted row is damaged three ways: the updated drawn position that take_damage's drawn-versus-now net re-damages, the cursor move's own endpoint damage, and this damage_cell; any one gives the report, so the damage_cell arithmetic cannot change a report; re-run with cargo mutants on crates/video_terminal/src/lib.rs and script.rs at base ab0513065 still reports it"
video_terminal,,replace - with +,killed,"no survivor with this key at base ab0513065, so the suite kills it today (no test added by this lane); re-run with cargo mutants on crates/video_terminal/src/lib.rs and script.rs at base ab0513065"
video_terminal,,replace - with /,killed,"no survivor with this key at base ab0513065, so the suite kills it today (no test added by this lane); re-run with cargo mutants on crates/video_terminal/src/lib.rs and script.rs at base ab0513065"
video_terminal,Attr::colours,replace < with <=,killed,"no survivor with this key at base ab0513065, so the suite kills it today (no test added by this lane); re-run with cargo mutants on crates/video_terminal/src/lib.rs and script.rs at base ab0513065"
video_terminal,Attr::is_bold,replace Attr::is_bold -> bool with false,killed,"no survivor with this key at base ab0513065, so the suite kills it today (no test added by this lane); re-run with cargo mutants on crates/video_terminal/src/lib.rs and script.rs at base ab0513065"
video_terminal,Attr::is_bold,replace Attr::is_bold -> bool with true,killed,"no survivor with this key at base ab0513065, so the suite kills it today (no test added by this lane); re-run with cargo mutants on crates/video_terminal/src/lib.rs and script.rs at base ab0513065"
video_terminal,Attr::is_dim,replace Attr::is_dim -> bool with false,killed,"no survivor with this key at base ab0513065, so the suite kills it today (no test added by this lane); re-run with cargo mutants on crates/video_terminal/src/lib.rs and script.rs at base ab0513065"
video_terminal,Attr::is_dim,replace Attr::is_dim -> bool with true,killed,"no survivor with this key at base ab0513065, so the suite kills it today (no test added by this lane); re-run with cargo mutants on crates/video_terminal/src/lib.rs and script.rs at base ab0513065"
video_terminal,Attr::is_invisible,replace Attr::is_invisible -> bool with true,killed,"no survivor with this key at base ab0513065, so the suite kills it today (no test added by this lane); re-run with cargo mutants on crates/video_terminal/src/lib.rs and script.rs at base ab0513065"
video_terminal,Attr::reverse,replace Attr::reverse -> bool with false,killed,"no survivor with this key at base ab0513065, so the suite kills it today (no test added by this lane); re-run with cargo mutants on crates/video_terminal/src/lib.rs and script.rs at base ab0513065"
video_terminal,Attr::with,replace | with ^,killed,"no survivor with this key at base ab0513065, so the suite kills it today (no test added by this lane); re-run with cargo mutants on crates/video_terminal/src/lib.rs and script.rs at base ab0513065"
video_terminal,Damage::repaint_rect,replace > with >=,killed,"no survivor with this key at base ab0513065, so the suite kills it today (no test added by this lane); re-run with cargo mutants on crates/video_terminal/src/lib.rs and script.rs at base ab0513065"
video_terminal,Vt::sgr,delete match arm 2,killed,"no survivor with this key at base ab0513065, so the suite kills it today (no test added by this lane); re-run with cargo mutants on crates/video_terminal/src/lib.rs and script.rs at base ab0513065"
video_terminal,channel_midpoint,replace >> with <<,killed,"no survivor with this key at base ab0513065, so the suite kills it today (no test added by this lane); re-run with cargo mutants on crates/video_terminal/src/lib.rs and script.rs at base ab0513065"
video_terminal,feed_scroller,replace + with *,killed,"no survivor with this key at base ab0513065, so the suite kills it today (no test added by this lane); re-run with cargo mutants on crates/video_terminal/src/lib.rs and script.rs at base ab0513065"
video_terminal,feed_scroller,replace + with -,killed,"no survivor with this key at base ab0513065, so the suite kills it today (no test added by this lane); re-run with cargo mutants on crates/video_terminal/src/lib.rs and script.rs at base ab0513065"
video_terminal,feed_scroller,replace == with !=,killed,"no survivor with this key at base ab0513065, so the suite kills it today (no test added by this lane); re-run with cargo mutants on crates/video_terminal/src/lib.rs and script.rs at base ab0513065"
video_terminal,feed_scroller,replace feed_scroller with (),killed,"no survivor with this key at base ab0513065, so the suite kills it today (no test added by this lane); re-run with cargo mutants on crates/video_terminal/src/lib.rs and script.rs at base ab0513065"
video_terminal,feed_scroller,replace match guard t == i with false,killed,"no survivor with this key at base ab0513065, so the suite kills it today (no test added by this lane); re-run with cargo mutants on crates/video_terminal/src/lib.rs and script.rs at base ab0513065"
video_terminal,feed_scroller,replace match guard t == i with true,killed,"no survivor with this key at base ab0513065, so the suite kills it today (no test added by this lane); re-run with cargo mutants on crates/video_terminal/src/lib.rs and script.rs at base ab0513065"
video_terminal,scrolled_full_screen,replace scrolled_full_screen with (),killed,"no survivor with this key at base ab0513065, so the suite kills it today (no test added by this lane); re-run with cargo mutants on crates/video_terminal/src/lib.rs and script.rs at base ab0513065"
video_terminal,window_scroll_line,replace % with +,killed,"no survivor with this key at base ab0513065, so the suite kills it today (no test added by this lane); re-run with cargo mutants on crates/video_terminal/src/lib.rs and script.rs at base ab0513065"
video_terminal,window_scroll_line,replace % with /,killed,"no survivor with this key at base ab0513065, so the suite kills it today (no test added by this lane); re-run with cargo mutants on crates/video_terminal/src/lib.rs and script.rs at base ab0513065"
video_terminal,window_scroll_line,replace + with *,killed,"no survivor with this key at base ab0513065, so the suite kills it today (no test added by this lane); re-run with cargo mutants on crates/video_terminal/src/lib.rs and script.rs at base ab0513065"
video_terminal,window_scroll_line,replace + with -,killed,"no survivor with this key at base ab0513065, so the suite kills it today (no test added by this lane); re-run with cargo mutants on crates/video_terminal/src/lib.rs and script.rs at base ab0513065"
video_terminal,window_scroll_line,replace / with %,killed,"no survivor with this key at base ab0513065, so the suite kills it today (no test added by this lane); re-run with cargo mutants on crates/video_terminal/src/lib.rs and script.rs at base ab0513065"
video_terminal,window_scroll_line,replace / with *,killed,"no survivor with this key at base ab0513065, so the suite kills it today (no test added by this lane); re-run with cargo mutants on crates/video_terminal/src/lib.rs and script.rs at base ab0513065"
video_terminal,window_scroll_line,replace window_scroll_line -> usize with 0,killed,"no survivor with this key at base ab0513065, so the suite kills it today (no test added by this lane); re-run with cargo mutants on crates/video_terminal/src/lib.rs and script.rs at base ab0513065"
video_terminal,window_scroll_line,replace window_scroll_line -> usize with 1,killed,"no survivor with this key at base ab0513065, so the suite kills it today (no test added by this lane); re-run with cargo mutants on crates/video_terminal/src/lib.rs and script.rs at base ab0513065"
video_terminal,write_scroller,replace + with *,killed,"no survivor with this key at base ab0513065, so the suite kills it today (no test added by this lane); re-run with cargo mutants on crates/video_terminal/src/lib.rs and script.rs at base ab0513065"
video_terminal,write_scroller,replace + with -,killed,"no survivor with this key at base ab0513065, so the suite kills it today (no test added by this lane); re-run with cargo mutants on crates/video_terminal/src/lib.rs and script.rs at base ab0513065"
video_terminal,write_scroller,replace += with *=,killed,"no survivor with this key at base ab0513065, so the suite kills it today (no test added by this lane); re-run with cargo mutants on crates/video_terminal/src/lib.rs and script.rs at base ab0513065"
video_terminal,write_scroller,replace write_scroller with (),killed,"no survivor with this key at base ab0513065, so the suite kills it today (no test added by this lane); re-run with cargo mutants on crates/video_terminal/src/lib.rs and script.rs at base ab0513065"
filesystem_protocol,,replace << with >>,equivalent,"every survivor is a bit-set witness constant spelled 1 << 0, and a shift by zero is the same value either way; re-run with cargo mutants on crates/filesystem_protocol/src/lib.rs at base ab0513065 still reports them"
filesystem_protocol,,replace < with ==,gap,"the while loop in the compile-time walk of verb::TABLE (a const block): the mutant makes it run zero times, so its assert is vacuous and the build still passes. No cargo test can kill it because rustc is the checker; this is the verb-table gap already recorded in this milestone's Follow-on, and a falsification would have to be a build that fails; re-run with cargo mutants on crates/filesystem_protocol/src/lib.rs at base ab0513065"
filesystem_protocol,,replace < with >,gap,same as the == spelling: the compile-time walk of verb::TABLE never runs its assert; recorded in this milestone's Follow-on as unkillable by cargo test; re-run with cargo mutants on crates/filesystem_protocol/src/lib.rs at base ab0513065
filesystem_protocol,,replace * with +,killed,"no survivor with this key at base ab0513065, so the suite kills it today (no test added by this lane); re-run with cargo mutants on crates/filesystem_protocol/src/lib.rs at base ab0513065"
filesystem_protocol,,replace * with /,killed,"no survivor with this key at base ab0513065, so the suite kills it today (no test added by this lane); re-run with cargo mutants on crates/filesystem_protocol/src/lib.rs at base ab0513065"
filesystem_protocol,,replace + with *,killed,"no survivor with this key at base ab0513065, so the suite kills it today (no test added by this lane); re-run with cargo mutants on crates/filesystem_protocol/src/lib.rs at base ab0513065"
filesystem_protocol,,replace + with -,killed,"no survivor with this key at base ab0513065, so the suite kills it today (no test added by this lane); re-run with cargo mutants on crates/filesystem_protocol/src/lib.rs at base ab0513065"
filesystem_protocol,,replace += with *=,killed,"no survivor with this key at base ab0513065, so the suite kills it today (no test added by this lane); re-run with cargo mutants on crates/filesystem_protocol/src/lib.rs at base ab0513065"
filesystem_protocol,,replace - with +,killed,"no survivor with this key at base ab0513065, so the suite kills it today (no test added by this lane); re-run with cargo mutants on crates/filesystem_protocol/src/lib.rs at base ab0513065"
filesystem_protocol,,replace - with /,killed,"no survivor with this key at base ab0513065, so the suite kills it today (no test added by this lane); re-run with cargo mutants on crates/filesystem_protocol/src/lib.rs at base ab0513065"
filesystem_protocol,,replace < with <=,killed,"no survivor with this key at base ab0513065, so the suite kills it today (no test added by this lane); re-run with cargo mutants on crates/filesystem_protocol/src/lib.rs at base ab0513065"
filesystem_protocol,,replace <= with >,killed,"no survivor with this key at base ab0513065, so the suite kills it today (no test added by this lane); re-run with cargo mutants on crates/filesystem_protocol/src/lib.rs at base ab0513065"
filesystem_protocol,fixture::walk::sized_byte,replace % with +,killed,"no survivor with this key at base ab0513065, so the suite kills it today (no test added by this lane); re-run with cargo mutants on crates/filesystem_protocol/src/lib.rs at base ab0513065"
filesystem_protocol,fixture::walk::sized_byte,replace % with /,killed,"no survivor with this key at base ab0513065, so the suite kills it today (no test added by this lane); re-run with cargo mutants on crates/filesystem_protocol/src/lib.rs at base ab0513065"
filesystem_protocol,fixture::walk::sized_byte,replace + with *,killed,"no survivor with this key at base ab0513065, so the suite kills it today (no test added by this lane); re-run with cargo mutants on crates/filesystem_protocol/src/lib.rs at base ab0513065"
filesystem_protocol,fixture::walk::sized_byte,replace + with -,killed,"no survivor with this key at base ab0513065, so the suite kills it today (no test added by this lane); re-run with cargo mutants on crates/filesystem_protocol/src/lib.rs at base ab0513065"
filesystem_protocol,fixture::walk::sized_byte,replace == with !=,killed,"no survivor with this key at base ab0513065, so the suite kills it today (no test added by this lane); re-run with cargo mutants on crates/filesystem_protocol/src/lib.rs at base ab0513065"
filesystem_protocol,fixture::walk::sized_byte,replace fixture::walk::sized_byte -> u8 with 0,killed,"no survivor with this key at base ab0513065, so the suite kills it today (no test added by this lane); re-run with cargo mutants on crates/filesystem_protocol/src/lib.rs at base ab0513065"
filesystem_protocol,fixture::walk::sized_byte,replace fixture::walk::sized_byte -> u8 with 1,killed,"no survivor with this key at base ab0513065, so the suite kills it today (no test added by this lane); re-run with cargo mutants on crates/filesystem_protocol/src/lib.rs at base ab0513065"
filesystem_protocol,fixture::walk::wide_name,replace % with +,killed,"no survivor with this key at base ab0513065, so the suite kills it today (no test added by this lane); re-run with cargo mutants on crates/filesystem_protocol/src/lib.rs at base ab0513065"
filesystem_protocol,fixture::walk::wide_name,replace % with /,killed,"no survivor with this key at base ab0513065, so the suite kills it today (no test added by this lane); re-run with cargo mutants on crates/filesystem_protocol/src/lib.rs at base ab0513065"
filesystem_protocol,fixture::walk::wide_name,replace + with *,killed,"no survivor with this key at base ab0513065, so the suite kills it today (no test added by this lane); re-run with cargo mutants on crates/filesystem_protocol/src/lib.rs at base ab0513065"
filesystem_protocol,fixture::walk::wide_name,replace + with -,killed,"no survivor with this key at base ab0513065, so the suite kills it today (no test added by this lane); re-run with cargo mutants on crates/filesystem_protocol/src/lib.rs at base ab0513065"
filesystem_protocol,fixture::walk::wide_name,replace / with %,killed,"no survivor with this key at base ab0513065, so the suite kills it today (no test added by this lane); re-run with cargo mutants on crates/filesystem_protocol/src/lib.rs at base ab0513065"
filesystem_protocol,fixture::walk::wide_name,replace / with *,killed,"no survivor with this key at base ab0513065, so the suite kills it today (no test added by this lane); re-run with cargo mutants on crates/filesystem_protocol/src/lib.rs at base ab0513065"
filesystem_protocol,fixture::walk::wide_name,replace fixture::walk::wide_name -> [u8; 4] with [0; 4],killed,"no survivor with this key at base ab0513065, so the suite kills it today (no test added by this lane); re-run with cargo mutants on crates/filesystem_protocol/src/lib.rs at base ab0513065"
filesystem_protocol,fixture::walk::wide_name,replace fixture::walk::wide_name -> [u8; 4] with [1; 4],killed,"no survivor with this key at base ab0513065, so the suite kills it today (no test added by this lane); re-run with cargo mutants on crates/filesystem_protocol/src/lib.rs at base ab0513065"
machine_discovery,,replace << with >>,equivalent,"the survivors are the flag constants MADT_PCAT_COMPAT and GTDT_EDGE_TRIGGERED, both 1 << 0, and a shift by zero is the same value either way; re-run with cargo mutants on crates/machine_discovery/src/acpi.rs, riscv64.rs and x86_64.rs at base ab0513065 still reports them"
machine_discovery,ReservedRegion::is_well_formed,replace > with >=,equivalent,"a base that is 4 KiB aligned and a limit one short of a 4 KiB multiple can never be equal, so limit > base and limit >= base agree once the neighbouring checks have run; re-run with cargo mutants on crates/machine_discovery/src/acpi.rs, riscv64.rs and x86_64.rs at base ab0513065 still reports it"
machine_discovery,read_scope_list,replace - with +,equivalent,"len - SCOPE_FIXED_LEN and len + SCOPE_FIXED_LEN have the same parity, and the check only asks is_multiple_of(2); len >= SCOPE_FIXED_LEN is established first; re-run with cargo mutants on crates/machine_discovery/src/acpi.rs, riscv64.rs and x86_64.rs at base ab0513065 still reports it"
machine_discovery,,replace - with +,killed,"no survivor with this key at base ab0513065, so the suite kills it today (no test added by this lane); re-run with cargo mutants on crates/machine_discovery/src/acpi.rs, riscv64.rs and x86_64.rs at base ab0513065"
machine_discovery,,replace - with /,killed,"no survivor with this key at base ab0513065, so the suite kills it today (no test added by this lane); re-run with cargo mutants on crates/machine_discovery/src/acpi.rs, riscv64.rs and x86_64.rs at base ab0513065"
machine_discovery,<impl Iterator for MadtEntries<'_>>::next,replace & with |,killed,"no survivor with this key at base ab0513065, so the suite kills it today (no test added by this lane); re-run with cargo mutants on crates/machine_discovery/src/acpi.rs, riscv64.rs and x86_64.rs at base ab0513065"
machine_discovery,<impl Iterator for MadtEntries<'_>>::next,replace match guard len >= 16 with true,killed,"no survivor with this key at base ab0513065, so the suite kills it today (no test added by this lane); re-run with cargo mutants on crates/machine_discovery/src/acpi.rs, riscv64.rs and x86_64.rs at base ab0513065"
machine_discovery,<impl Iterator for MadtEntries<'_>>::next,replace match guard len >= 24 with true,killed,"no survivor with this key at base ab0513065, so the suite kills it today (no test added by this lane); re-run with cargo mutants on crates/machine_discovery/src/acpi.rs, riscv64.rs and x86_64.rs at base ab0513065"
machine_discovery,DeviceScope::resolve,replace > with ==,killed,"no survivor with this key at base ab0513065, so the suite kills it today (no test added by this lane); re-run with cargo mutants on crates/machine_discovery/src/acpi.rs, riscv64.rs and x86_64.rs at base ab0513065"
machine_discovery,DeviceScope::resolve,replace > with >=,killed,"no survivor with this key at base ab0513065, so the suite kills it today (no test added by this lane); re-run with cargo mutants on crates/machine_discovery/src/acpi.rs, riscv64.rs and x86_64.rs at base ab0513065"
machine_discovery,DeviceScope::resolve,replace || with &&,killed,"no survivor with this key at base ab0513065, so the suite kills it today (no test added by this lane); re-run with cargo mutants on crates/machine_discovery/src/acpi.rs, riscv64.rs and x86_64.rs at base ab0513065"
machine_discovery,DmarUnits::parse,replace < with <=,killed,"no survivor with this key at base ab0513065, so the suite kills it today (no test added by this lane); re-run with cargo mutants on crates/machine_discovery/src/acpi.rs, riscv64.rs and x86_64.rs at base ab0513065"
machine_discovery,DmarUnits::parse,replace < with ==,killed,"no survivor with this key at base ab0513065, so the suite kills it today (no test added by this lane); re-run with cargo mutants on crates/machine_discovery/src/acpi.rs, riscv64.rs and x86_64.rs at base ab0513065"
machine_discovery,DmarUnits::parse,replace match guard len >= DRHD_FIXED_LEN with true,killed,"no survivor with this key at base ab0513065, so the suite kills it today (no test added by this lane); re-run with cargo mutants on crates/machine_discovery/src/acpi.rs, riscv64.rs and x86_64.rs at base ab0513065"
machine_discovery,DmarUnits::parse,replace match guard len >= RMRR_FIXED_LEN with true,killed,"no survivor with this key at base ab0513065, so the suite kills it today (no test added by this lane); re-run with cargo mutants on crates/machine_discovery/src/acpi.rs, riscv64.rs and x86_64.rs at base ab0513065"
machine_discovery,DmarUnits::parse,replace || with &&,killed,"no survivor with this key at base ab0513065, so the suite kills it today (no test added by this lane); re-run with cargo mutants on crates/machine_discovery/src/acpi.rs, riscv64.rs and x86_64.rs at base ab0513065"
machine_discovery,Features::union,replace | with ^,killed,"no survivor with this key at base ab0513065, so the suite kills it today (no test added by this lane); re-run with cargo mutants on crates/machine_discovery/src/acpi.rs, riscv64.rs and x86_64.rs at base ab0513065"
machine_discovery,Isa::decode,replace & with |,killed,"no survivor with this key at base ab0513065, so the suite kills it today (no test added by this lane); re-run with cargo mutants on crates/machine_discovery/src/acpi.rs, riscv64.rs and x86_64.rs at base ab0513065"
machine_discovery,parse_arm_boot,replace & with |,killed,"no survivor with this key at base ab0513065, so the suite kills it today (no test added by this lane); re-run with cargo mutants on crates/machine_discovery/src/acpi.rs, riscv64.rs and x86_64.rs at base ab0513065"
machine_discovery,read_scope_list,delete field start_bus from struct DeviceScope expression,killed,"no survivor with this key at base ab0513065, so the suite kills it today (no test added by this lane); re-run with cargo mutants on crates/machine_discovery/src/acpi.rs, riscv64.rs and x86_64.rs at base ab0513065"
machine_discovery,read_scope_list,replace + with -,killed,"no survivor with this key at base ab0513065, so the suite kills it today (no test added by this lane); re-run with cargo mutants on crates/machine_discovery/src/acpi.rs, riscv64.rs and x86_64.rs at base ab0513065"
machine_discovery,read_scope_list,replace < with <=,killed,"no survivor with this key at base ab0513065, so the suite kills it today (no test added by this lane); re-run with cargo mutants on crates/machine_discovery/src/acpi.rs, riscv64.rs and x86_64.rs at base ab0513065"
machine_discovery,read_scope_list,replace > with ==,killed,"no survivor with this key at base ab0513065, so the suite kills it today (no test added by this lane); re-run with cargo mutants on crates/machine_discovery/src/acpi.rs, riscv64.rs and x86_64.rs at base ab0513065"
machine_discovery,read_scope_list,replace > with >=,killed,"no survivor with this key at base ab0513065, so the suite kills it today (no test added by this lane); re-run with cargo mutants on crates/machine_discovery/src/acpi.rs, riscv64.rs and x86_64.rs at base ab0513065"
machine_discovery,read_scope_list,replace || with &&,killed,"no survivor with this key at base ab0513065, so the suite kills it today (no test added by this lane); re-run with cargo mutants on crates/machine_discovery/src/acpi.rs, riscv64.rs and x86_64.rs at base ab0513065"
swish,command_position,delete match arm b'<' | b'>',equivalent,"the arm only says false for < and >, and the fallthrough computes the same: both are is_break bytes, so the word scanned back from them is empty, no PREFIX_WORDS entry is empty, and the answer is false; re-run with cargo mutants on crates/swish/src/complete.rs, versions.rs and lib.rs at base ab0513065 still reports it"
swish,write_preview_rows,replace < with <=,equivalent,"cap's padding differs only at n == 10, and every slot previewed through it is at most 9 (std_runtime_protocol's, grant_plan::ENTROPY_SLOT = 9); the literal 'cap 10' network row is printed separately. Becomes live if a slot 10 is ever previewed through cap; re-run with cargo mutants on crates/swish/src/complete.rs, versions.rs and lib.rs at base ab0513065 still reports it"
swish,,replace * with +,killed,"no survivor with this key at base ab0513065, so the suite kills it today (no test added by this lane); re-run with cargo mutants on crates/swish/src/complete.rs, versions.rs and lib.rs at base ab0513065"
swish,,replace * with /,killed,"no survivor with this key at base ab0513065, so the suite kills it today (no test added by this lane); re-run with cargo mutants on crates/swish/src/complete.rs, versions.rs and lib.rs at base ab0513065"
swish,,replace + with *,killed,"no survivor with this key at base ab0513065, so the suite kills it today (no test added by this lane); re-run with cargo mutants on crates/swish/src/complete.rs, versions.rs and lib.rs at base ab0513065"
swish,,replace + with -,killed,"no survivor with this key at base ab0513065, so the suite kills it today (no test added by this lane); re-run with cargo mutants on crates/swish/src/complete.rs, versions.rs and lib.rs at base ab0513065"
swish,Lister::finish,replace > with >=,killed,"no survivor with this key at base ab0513065, so the suite kills it today (no test added by this lane); re-run with cargo mutants on crates/swish/src/complete.rs, versions.rs and lib.rs at base ab0513065"
swish,Lister::name,replace + with *,killed,"no survivor with this key at base ab0513065, so the suite kills it today (no test added by this lane); re-run with cargo mutants on crates/swish/src/complete.rs, versions.rs and lib.rs at base ab0513065"
swish,Lister::name,replace + with -,killed,"no survivor with this key at base ab0513065, so the suite kills it today (no test added by this lane); re-run with cargo mutants on crates/swish/src/complete.rs, versions.rs and lib.rs at base ab0513065"
swish,Lister::name,replace += with *=,killed,"no survivor with this key at base ab0513065, so the suite kills it today (no test added by this lane); re-run with cargo mutants on crates/swish/src/complete.rs, versions.rs and lib.rs at base ab0513065"
swish,Lister::name,replace += with -=,killed,"no survivor with this key at base ab0513065, so the suite kills it today (no test added by this lane); re-run with cargo mutants on crates/swish/src/complete.rs, versions.rs and lib.rs at base ab0513065"
swish,Lister::name,replace > with >=,killed,"no survivor with this key at base ab0513065, so the suite kills it today (no test added by this lane); re-run with cargo mutants on crates/swish/src/complete.rs, versions.rs and lib.rs at base ab0513065"
swish,designation,replace || with &&,killed,"no survivor with this key at base ab0513065, so the suite kills it today (no test added by this lane); re-run with cargo mutants on crates/swish/src/complete.rs, versions.rs and lib.rs at base ab0513065"
swish,entry,replace && with ||,killed,"no survivor with this key at base ab0513065, so the suite kills it today (no test added by this lane); re-run with cargo mutants on crates/swish/src/complete.rs, versions.rs and lib.rs at base ab0513065"
swish,write_holdings,replace / with %,killed,"no survivor with this key at base ab0513065, so the suite kills it today (no test added by this lane); re-run with cargo mutants on crates/swish/src/complete.rs, versions.rs and lib.rs at base ab0513065"
swish,write_holdings,replace / with *,killed,"no survivor with this key at base ab0513065, so the suite kills it today (no test added by this lane); re-run with cargo mutants on crates/swish/src/complete.rs, versions.rs and lib.rs at base ab0513065"
swish,write_note_asks,delete match arm OutputSpec::Silent,killed,"no survivor with this key at base ab0513065, so the suite kills it today (no test added by this lane); re-run with cargo mutants on crates/swish/src/complete.rs, versions.rs and lib.rs at base ab0513065"
swish,write_note_asks,delete match arm OutputSpec::Words,killed,"no survivor with this key at base ab0513065, so the suite kills it today (no test added by this lane); re-run with cargo mutants on crates/swish/src/complete.rs, versions.rs and lib.rs at base ab0513065"
swish,write_say,replace / with %,killed,"no survivor with this key at base ab0513065, so the suite kills it today (no test added by this lane); re-run with cargo mutants on crates/swish/src/complete.rs, versions.rs and lib.rs at base ab0513065"
swish,write_say,replace / with *,killed,"no survivor with this key at base ab0513065, so the suite kills it today (no test added by this lane); re-run with cargo mutants on crates/swish/src/complete.rs, versions.rs and lib.rs at base ab0513065"
